"","H","C","D","A"
"1",0.572161055140707,0.341924713293193,4,3.73
"2",0.556337421072183,0.338488842470001,4,3.7
"3",0.510122408727662,0.332831347442115,4,3.68
"4",0.492941736771973,0.340756482833703,4,3.67
"5",0.363555813509802,0.287097952131481,4,3.83
"6",0.738098120248456,0.292109700407637,4,4
"7",0.572161055140707,0.341924713293193,4,3.73
"8",0.556337421072183,0.338488842470001,4,3.7
"9",0.510122408727662,0.332831347442115,4,3.68
"10",0.492941736771973,0.340756482833703,4,3.67
"11",0.363555813509802,0.287097952131481,4,3.83
"12",0.738098120248456,0.292109700407637,4,4
"13",0.572161055140707,0.341924713293193,4,3.73
"14",0.556337421072183,0.338488842470001,4,3.7
"15",0.510122408727662,0.332831347442115,4,3.68
"16",0.492941736771973,0.340756482833703,4,3.67
"17",0.363555813509802,0.287097952131481,4,3.83
"18",0.738098120248456,0.292109700407637,4,4
"19",0.572161055140707,0.341924713293193,4,3.73
"20",0.556337421072183,0.338488842470001,4,3.7
"21",0.510122408727662,0.332831347442115,4,3.68
"22",0.492941736771973,0.340756482833703,4,3.67
"23",0.363555813509802,0.287097952131481,4,3.83
"24",0.738098120248456,0.292109700407637,4,4
"25",0.572161055140707,0.341924713293193,4,3.73
"26",0.556337421072183,0.338488842470001,4,3.7
"27",0.510122408727662,0.332831347442115,4,3.68
"28",0.492941736771973,0.340756482833703,4,3.67
"29",0.363555813509802,0.287097952131481,4,3.83
"30",0.738098120248456,0.292109700407637,4,4
"31",0.572161055140707,0.341924713293193,4,3.73
"32",0.556337421072183,0.338488842470001,4,3.7
"33",0.510122408727662,0.332831347442115,4,3.68
"34",0.492941736771973,0.340756482833703,4,3.67
"35",0.363555813509802,0.287097952131481,4,3.83
"36",0.738098120248456,0.292109700407637,4,4
"37",0.572161055140707,0.341924713293193,4,3.73
"38",0.556337421072183,0.338488842470001,4,3.7
"39",0.510122408727662,0.332831347442115,4,3.68
"40",0.492941736771973,0.340756482833703,4,3.67
"41",0.363555813509802,0.287097952131481,4,3.83
"42",0.738098120248456,0.292109700407637,4,4
"43",0.572161055140707,0.341924713293193,4,3.73
"44",0.556337421072183,0.338488842470001,4,3.7
"45",0.510122408727662,0.332831347442115,4,3.68
"46",0.492941736771973,0.340756482833703,4,3.67
"47",0.363555813509802,0.287097952131481,4,3.83
"48",0.738098120248456,0.292109700407637,4,4
"49",0.572161055140707,0.341924713293193,4,3.73
"50",0.556337421072183,0.338488842470001,4,3.7
"51",0.510122408727662,0.332831347442115,4,3.68
"52",0.492941736771973,0.340756482833703,4,3.67
"53",0.363555813509802,0.287097952131481,4,3.83
"54",0.738098120248456,0.292109700407637,4,4
"55",0.572161055140707,0.341924713293193,4,3.73
"56",0.556337421072183,0.338488842470001,4,3.7
"57",0.510122408727662,0.332831347442115,4,3.68
"58",0.492941736771973,0.340756482833703,4,3.67
"59",0.363555813509802,0.287097952131481,4,3.83
"60",0.738098120248456,0.292109700407637,4,4
"61",0.572161055140707,0.341924713293193,4,3.73
"62",0.556337421072183,0.338488842470001,4,3.7
"63",0.510122408727662,0.332831347442115,4,3.68
"64",0.492941736771973,0.340756482833703,4,3.67
"65",0.363555813509802,0.287097952131481,4,3.83
"66",0.738098120248456,0.292109700407637,4,4
"67",0.572161055140707,0.341924713293193,4,3.73
"68",0.556337421072183,0.338488842470001,4,3.7
"69",0.510122408727662,0.332831347442115,4,3.68
"70",0.492941736771973,0.340756482833703,4,3.67
"71",0.363555813509802,0.287097952131481,4,3.83
"72",0.738098120248456,0.292109700407637,4,4
"73",0.572161055140707,0.341924713293193,4,3.73
"74",0.556337421072183,0.338488842470001,4,3.7
"75",0.510122408727662,0.332831347442115,4,3.68
"76",0.492941736771973,0.340756482833703,4,3.67
"77",0.363555813509802,0.287097952131481,4,3.83
"78",0.738098120248456,0.292109700407637,4,4
"79",0.572161055140707,0.341924713293193,4,3.73
"80",0.556337421072183,0.338488842470001,4,3.7
"81",0.510122408727662,0.332831347442115,4,3.68
"82",0.492941736771973,0.340756482833703,4,3.67
"83",0.363555813509802,0.287097952131481,4,3.83
"84",0.738098120248456,0.292109700407637,4,4
"85",0.572161055140707,0.341924713293193,4,3.73
"86",0.556337421072183,0.338488842470001,4,3.7
"87",0.510122408727662,0.332831347442115,4,3.68
"88",0.492941736771973,0.340756482833703,4,3.67
"89",0.363555813509802,0.287097952131481,4,3.83
"90",0.738098120248456,0.292109700407637,4,4
"91",0.572161055140707,0.341924713293193,4,3.73
"92",0.556337421072183,0.338488842470001,4,3.7
"93",0.510122408727662,0.332831347442115,4,3.68
"94",0.492941736771973,0.340756482833703,4,3.67
"95",0.363555813509802,0.287097952131481,4,3.83
"96",0.738098120248456,0.292109700407637,4,4
"97",0.572161055140707,0.341924713293193,4,3.73
"98",0.556337421072183,0.338488842470001,4,3.7
"99",0.510122408727662,0.332831347442115,4,3.68
"100",0.492941736771973,0.340756482833703,4,3.67
"101",0.363555813509802,0.287097952131481,4,3.83
"102",0.738098120248456,0.292109700407637,4,4
"103",0.572161055140707,0.341924713293193,4,3.73
"104",0.556337421072183,0.338488842470001,4,3.7
"105",0.510122408727662,0.332831347442115,4,3.68
"106",0.492941736771973,0.340756482833703,4,3.67
"107",0.363555813509802,0.287097952131481,4,3.83
"108",0.738098120248456,0.292109700407637,4,4
"109",0.572161055140707,0.341924713293193,4,3.73
"110",0.556337421072183,0.338488842470001,4,3.7
"111",0.510122408727662,0.332831347442115,4,3.68
"112",0.492941736771973,0.340756482833703,4,3.67
"113",0.363555813509802,0.287097952131481,4,3.83
"114",0.738098120248456,0.292109700407637,4,4
"115",0.572161055140707,0.341924713293193,4,3.73
"116",0.556337421072183,0.338488842470001,4,3.7
"117",0.510122408727662,0.332831347442115,4,3.68
"118",0.492941736771973,0.340756482833703,4,3.67
"119",0.363555813509802,0.287097952131481,4,3.83
"120",0.738098120248456,0.292109700407637,4,4
"121",0.572161055140707,0.341924713293193,4,3.73
"122",0.556337421072183,0.338488842470001,4,3.7
"123",0.510122408727662,0.332831347442115,4,3.68
"124",0.492941736771973,0.340756482833703,4,3.67
"125",0.363555813509802,0.287097952131481,4,3.83
"126",0.738098120248456,0.292109700407637,4,4
"127",0.572161055140707,0.341924713293193,4,3.73
"128",0.556337421072183,0.338488842470001,4,3.7
"129",0.510122408727662,0.332831347442115,4,3.68
"130",0.492941736771973,0.340756482833703,4,3.67
"131",0.363555813509802,0.287097952131481,4,3.83
"132",0.738098120248456,0.292109700407637,4,4
"133",0.572161055140707,0.341924713293193,4,3.73
"134",0.556337421072183,0.338488842470001,4,3.7
"135",0.510122408727662,0.332831347442115,4,3.68
"136",0.492941736771973,0.340756482833703,4,3.67
"137",0.363555813509802,0.287097952131481,4,3.83
"138",0.738098120248456,0.292109700407637,4,4
"139",0.572161055140707,0.341924713293193,4,3.73
"140",0.556337421072183,0.338488842470001,4,3.7
"141",0.510122408727662,0.332831347442115,4,3.68
"142",0.492941736771973,0.340756482833703,4,3.67
"143",0.363555813509802,0.287097952131481,4,3.83
"144",0.738098120248456,0.292109700407637,4,4
"145",0.572161055140707,0.341924713293193,4,3.73
"146",0.556337421072183,0.338488842470001,4,3.7
"147",0.510122408727662,0.332831347442115,4,3.68
"148",0.492941736771973,0.340756482833703,4,3.67
"149",0.363555813509802,0.287097952131481,4,3.83
"150",0.738098120248456,0.292109700407637,4,4
"151",0.572161055140707,0.341924713293193,4,3.73
"152",0.556337421072183,0.338488842470001,4,3.7
"153",0.510122408727662,0.332831347442115,4,3.68
"154",0.492941736771973,0.340756482833703,4,3.67
"155",0.363555813509802,0.287097952131481,4,3.83
"156",0.738098120248456,0.292109700407637,4,4
"157",0.572161055140707,0.341924713293193,4,3.73
"158",0.556337421072183,0.338488842470001,4,3.7
"159",0.510122408727662,0.332831347442115,4,3.68
"160",0.492941736771973,0.340756482833703,4,3.67
"161",0.363555813509802,0.287097952131481,4,3.83
"162",0.738098120248456,0.292109700407637,4,4
"163",0.572161055140707,0.341924713293193,4,3.73
"164",0.556337421072183,0.338488842470001,4,3.7
"165",0.510122408727662,0.332831347442115,4,3.68
"166",0.492941736771973,0.340756482833703,4,3.67
"167",0.363555813509802,0.287097952131481,4,3.83
"168",0.738098120248456,0.292109700407637,4,4
"169",0.572161055140707,0.341924713293193,4,3.73
"170",0.556337421072183,0.338488842470001,4,3.7
"171",0.510122408727662,0.332831347442115,4,3.68
"172",0.492941736771973,0.340756482833703,4,3.67
"173",0.363555813509802,0.287097952131481,4,3.83
"174",0.738098120248456,0.292109700407637,4,4
"175",0.572161055140707,0.341924713293193,4,3.73
"176",0.556337421072183,0.338488842470001,4,3.7
"177",0.510122408727662,0.332831347442115,4,3.68
"178",0.492941736771973,0.340756482833703,4,3.67
"179",0.363555813509802,0.287097952131481,4,3.83
"180",0.738098120248456,0.292109700407637,4,4
"181",0.572161055140707,0.341924713293193,4,3.73
"182",0.556337421072183,0.338488842470001,4,3.7
"183",0.510122408727662,0.332831347442115,4,3.68
"184",0.492941736771973,0.340756482833703,4,3.67
"185",0.363555813509802,0.287097952131481,4,3.83
"186",0.738098120248456,0.292109700407637,4,4
"187",0.572161055140707,0.341924713293193,4,3.73
"188",0.556337421072183,0.338488842470001,4,3.7
"189",0.510122408727662,0.332831347442115,4,3.68
"190",0.492941736771973,0.340756482833703,4,3.67
"191",0.363555813509802,0.287097952131481,4,3.83
"192",0.738098120248456,0.292109700407637,4,4
"193",0.572161055140707,0.341924713293193,4,3.73
"194",0.556337421072183,0.338488842470001,4,3.7
"195",0.510122408727662,0.332831347442115,4,3.68
"196",0.492941736771973,0.340756482833703,4,3.67
"197",0.363555813509802,0.287097952131481,4,3.83
"198",0.738098120248456,0.292109700407637,4,4
"199",0.572161055140707,0.341924713293193,4,3.73
"200",0.556337421072183,0.338488842470001,4,3.7
"201",0.510122408727662,0.332831347442115,4,3.68
"202",0.492941736771973,0.340756482833703,4,3.67
"203",0.363555813509802,0.287097952131481,4,3.83
"204",0.738098120248456,0.292109700407637,4,4
"205",0.572161055140707,0.341924713293193,4,3.73
"206",0.556337421072183,0.338488842470001,4,3.7
"207",0.510122408727662,0.332831347442115,4,3.68
"208",0.492941736771973,0.340756482833703,4,3.67
"209",0.363555813509802,0.287097952131481,4,3.83
"210",0.738098120248456,0.292109700407637,4,4
"211",0.572161055140707,0.341924713293193,4,3.73
"212",0.556337421072183,0.338488842470001,4,3.7
"213",0.510122408727662,0.332831347442115,4,3.68
"214",0.492941736771973,0.340756482833703,4,3.67
"215",0.363555813509802,0.287097952131481,4,3.83
"216",0.738098120248456,0.292109700407637,4,4
"217",0.572161055140707,0.341924713293193,4,3.73
"218",0.556337421072183,0.338488842470001,4,3.7
"219",0.510122408727662,0.332831347442115,4,3.68
"220",0.492941736771973,0.340756482833703,4,3.67
"221",0.363555813509802,0.287097952131481,4,3.83
"222",0.738098120248456,0.292109700407637,4,4
"223",0.572161055140707,0.341924713293193,4,3.73
"224",0.556337421072183,0.338488842470001,4,3.7
"225",0.510122408727662,0.332831347442115,4,3.68
"226",0.492941736771973,0.340756482833703,4,3.67
"227",0.363555813509802,0.287097952131481,4,3.83
"228",0.738098120248456,0.292109700407637,4,4
"229",0.572161055140707,0.341924713293193,4,3.73
"230",0.556337421072183,0.338488842470001,4,3.7
"231",0.510122408727662,0.332831347442115,4,3.68
"232",0.492941736771973,0.340756482833703,4,3.67
"233",0.363555813509802,0.287097952131481,4,3.83
"234",0.738098120248456,0.292109700407637,4,4
"235",0.572161055140707,0.341924713293193,4,3.73
"236",0.556337421072183,0.338488842470001,4,3.7
"237",0.510122408727662,0.332831347442115,4,3.68
"238",0.492941736771973,0.340756482833703,4,3.67
"239",0.363555813509802,0.287097952131481,4,3.83
"240",0.738098120248456,0.292109700407637,4,4
"241",0.572161055140707,0.341924713293193,4,3.73
"242",0.556337421072183,0.338488842470001,4,3.7
"243",0.510122408727662,0.332831347442115,4,3.68
"244",0.492941736771973,0.340756482833703,4,3.67
"245",0.363555813509802,0.287097952131481,4,3.83
"246",0.738098120248456,0.292109700407637,4,4
"247",0.572161055140707,0.341924713293193,4,3.73
"248",0.556337421072183,0.338488842470001,4,3.7
"249",0.510122408727662,0.332831347442115,4,3.68
"250",0.492941736771973,0.340756482833703,4,3.67
"251",0.363555813509802,0.287097952131481,4,3.83
"252",0.738098120248456,0.292109700407637,4,4
"253",0.572161055140707,0.341924713293193,4,3.73
"254",0.556337421072183,0.338488842470001,4,3.7
"255",0.510122408727662,0.332831347442115,4,3.68
"256",0.492941736771973,0.340756482833703,4,3.67
"257",0.363555813509802,0.287097952131481,4,3.83
"258",0.738098120248456,0.292109700407637,4,4
"259",0.572161055140707,0.341924713293193,4,3.73
"260",0.556337421072183,0.338488842470001,4,3.7
"261",0.510122408727662,0.332831347442115,4,3.68
"262",0.492941736771973,0.340756482833703,4,3.67
"263",0.363555813509802,0.287097952131481,4,3.83
"264",0.738098120248456,0.292109700407637,4,4
"265",0.572161055140707,0.341924713293193,4,3.73
"266",0.556337421072183,0.338488842470001,4,3.7
"267",0.510122408727662,0.332831347442115,4,3.68
"268",0.492941736771973,0.340756482833703,4,3.67
"269",0.363555813509802,0.287097952131481,4,3.83
"270",0.738098120248456,0.292109700407637,4,4
"271",0.572161055140707,0.341924713293193,4,3.73
"272",0.556337421072183,0.338488842470001,4,3.7
"273",0.510122408727662,0.332831347442115,4,3.68
"274",0.492941736771973,0.340756482833703,4,3.67
"275",0.363555813509802,0.287097952131481,4,3.83
"276",0.738098120248456,0.292109700407637,4,4
"277",0.572161055140707,0.341924713293193,4,3.73
"278",0.556337421072183,0.338488842470001,4,3.7
"279",0.510122408727662,0.332831347442115,4,3.68
"280",0.492941736771973,0.340756482833703,4,3.67
"281",0.363555813509802,0.287097952131481,4,3.83
"282",0.738098120248456,0.292109700407637,4,4
"283",0.572161055140707,0.341924713293193,4,3.73
"284",0.556337421072183,0.338488842470001,4,3.7
"285",0.510122408727662,0.332831347442115,4,3.68
"286",0.492941736771973,0.340756482833703,4,3.67
"287",0.363555813509802,0.287097952131481,4,3.83
"288",0.738098120248456,0.292109700407637,4,4
"289",0.572161055140707,0.341924713293193,4,3.73
"290",0.556337421072183,0.338488842470001,4,3.7
"291",0.510122408727662,0.332831347442115,4,3.68
"292",0.492941736771973,0.340756482833703,4,3.67
"293",0.363555813509802,0.287097952131481,4,3.83
"294",0.738098120248456,0.292109700407637,4,4
"295",0.572161055140707,0.341924713293193,4,3.73
"296",0.556337421072183,0.338488842470001,4,3.7
"297",0.510122408727662,0.332831347442115,4,3.68
"298",0.492941736771973,0.340756482833703,4,3.67
"299",0.363555813509802,0.287097952131481,4,3.83
"300",0.738098120248456,0.292109700407637,4,4
"301",0.498909806781534,0.390781179392451,5,3.73
"302",0.495018140098337,0.388047454618287,5,3.7
"303",0.458520408611439,0.367604590256379,5,3.68
"304",0.466118129938849,0.382617200942053,5,3.67
"305",0.247506680451571,0.227712372926832,5,3.83
"306",0.678461730502084,0.399241321530905,5,4
"307",0.498909806781534,0.390781179392451,5,3.73
"308",0.495018140098337,0.388047454618287,5,3.7
"309",0.458520408611439,0.367604590256379,5,3.68
"310",0.466118129938849,0.382617200942053,5,3.67
"311",0.247506680451571,0.227712372926832,5,3.83
"312",0.678461730502084,0.399241321530905,5,4
"313",0.498909806781534,0.390781179392451,5,3.73
"314",0.495018140098337,0.388047454618287,5,3.7
"315",0.458520408611439,0.367604590256379,5,3.68
"316",0.466118129938849,0.382617200942053,5,3.67
"317",0.247506680451571,0.227712372926832,5,3.83
"318",0.678461730502084,0.399241321530905,5,4
"319",0.498909806781534,0.390781179392451,5,3.73
"320",0.495018140098337,0.388047454618287,5,3.7
"321",0.458520408611439,0.367604590256379,5,3.68
"322",0.466118129938849,0.382617200942053,5,3.67
"323",0.247506680451571,0.227712372926832,5,3.83
"324",0.678461730502084,0.399241321530905,5,4
"325",0.498909806781534,0.390781179392451,5,3.73
"326",0.495018140098337,0.388047454618287,5,3.7
"327",0.458520408611439,0.367604590256379,5,3.68
"328",0.466118129938849,0.382617200942053,5,3.67
"329",0.247506680451571,0.227712372926832,5,3.83
"330",0.678461730502084,0.399241321530905,5,4
"331",0.498909806781534,0.390781179392451,5,3.73
"332",0.495018140098337,0.388047454618287,5,3.7
"333",0.458520408611439,0.367604590256379,5,3.68
"334",0.466118129938849,0.382617200942053,5,3.67
"335",0.247506680451571,0.227712372926832,5,3.83
"336",0.678461730502084,0.399241321530905,5,4
"337",0.498909806781534,0.390781179392451,5,3.73
"338",0.495018140098337,0.388047454618287,5,3.7
"339",0.458520408611439,0.367604590256379,5,3.68
"340",0.466118129938849,0.382617200942053,5,3.67
"341",0.247506680451571,0.227712372926832,5,3.83
"342",0.678461730502084,0.399241321530905,5,4
"343",0.498909806781534,0.390781179392451,5,3.73
"344",0.495018140098337,0.388047454618287,5,3.7
"345",0.458520408611439,0.367604590256379,5,3.68
"346",0.466118129938849,0.382617200942053,5,3.67
"347",0.247506680451571,0.227712372926832,5,3.83
"348",0.678461730502084,0.399241321530905,5,4
"349",0.498909806781534,0.390781179392451,5,3.73
"350",0.495018140098337,0.388047454618287,5,3.7
"351",0.458520408611439,0.367604590256379,5,3.68
"352",0.466118129938849,0.382617200942053,5,3.67
"353",0.247506680451571,0.227712372926832,5,3.83
"354",0.678461730502084,0.399241321530905,5,4
"355",0.498909806781534,0.390781179392451,5,3.73
"356",0.495018140098337,0.388047454618287,5,3.7
"357",0.458520408611439,0.367604590256379,5,3.68
"358",0.466118129938849,0.382617200942053,5,3.67
"359",0.247506680451571,0.227712372926832,5,3.83
"360",0.678461730502084,0.399241321530905,5,4
"361",0.498909806781534,0.390781179392451,5,3.73
"362",0.495018140098337,0.388047454618287,5,3.7
"363",0.458520408611439,0.367604590256379,5,3.68
"364",0.466118129938849,0.382617200942053,5,3.67
"365",0.247506680451571,0.227712372926832,5,3.83
"366",0.678461730502084,0.399241321530905,5,4
"367",0.498909806781534,0.390781179392451,5,3.73
"368",0.495018140098337,0.388047454618287,5,3.7
"369",0.458520408611439,0.367604590256379,5,3.68
"370",0.466118129938849,0.382617200942053,5,3.67
"371",0.247506680451571,0.227712372926832,5,3.83
"372",0.678461730502084,0.399241321530905,5,4
"373",0.498909806781534,0.390781179392451,5,3.73
"374",0.495018140098337,0.388047454618287,5,3.7
"375",0.458520408611439,0.367604590256379,5,3.68
"376",0.466118129938849,0.382617200942053,5,3.67
"377",0.247506680451571,0.227712372926832,5,3.83
"378",0.678461730502084,0.399241321530905,5,4
"379",0.498909806781534,0.390781179392451,5,3.73
"380",0.495018140098337,0.388047454618287,5,3.7
"381",0.458520408611439,0.367604590256379,5,3.68
"382",0.466118129938849,0.382617200942053,5,3.67
"383",0.247506680451571,0.227712372926832,5,3.83
"384",0.678461730502084,0.399241321530905,5,4
"385",0.498909806781534,0.390781179392451,5,3.73
"386",0.495018140098337,0.388047454618287,5,3.7
"387",0.458520408611439,0.367604590256379,5,3.68
"388",0.466118129938849,0.382617200942053,5,3.67
"389",0.247506680451571,0.227712372926832,5,3.83
"390",0.678461730502084,0.399241321530905,5,4
"391",0.498909806781534,0.390781179392451,5,3.73
"392",0.495018140098337,0.388047454618287,5,3.7
"393",0.458520408611439,0.367604590256379,5,3.68
"394",0.466118129938849,0.382617200942053,5,3.67
"395",0.247506680451571,0.227712372926832,5,3.83
"396",0.678461730502084,0.399241321530905,5,4
"397",0.498909806781534,0.390781179392451,5,3.73
"398",0.495018140098337,0.388047454618287,5,3.7
"399",0.458520408611439,0.367604590256379,5,3.68
"400",0.466118129938849,0.382617200942053,5,3.67
"401",0.247506680451571,0.227712372926832,5,3.83
"402",0.678461730502084,0.399241321530905,5,4
"403",0.498909806781534,0.390781179392451,5,3.73
"404",0.495018140098337,0.388047454618287,5,3.7
"405",0.458520408611439,0.367604590256379,5,3.68
"406",0.466118129938849,0.382617200942053,5,3.67
"407",0.247506680451571,0.227712372926832,5,3.83
"408",0.678461730502084,0.399241321530905,5,4
"409",0.498909806781534,0.390781179392451,5,3.73
"410",0.495018140098337,0.388047454618287,5,3.7
"411",0.458520408611439,0.367604590256379,5,3.68
"412",0.466118129938849,0.382617200942053,5,3.67
"413",0.247506680451571,0.227712372926832,5,3.83
"414",0.678461730502084,0.399241321530905,5,4
"415",0.498909806781534,0.390781179392451,5,3.73
"416",0.495018140098337,0.388047454618287,5,3.7
"417",0.458520408611439,0.367604590256379,5,3.68
"418",0.466118129938849,0.382617200942053,5,3.67
"419",0.247506680451571,0.227712372926832,5,3.83
"420",0.678461730502084,0.399241321530905,5,4
"421",0.498909806781534,0.390781179392451,5,3.73
"422",0.495018140098337,0.388047454618287,5,3.7
"423",0.458520408611439,0.367604590256379,5,3.68
"424",0.466118129938849,0.382617200942053,5,3.67
"425",0.247506680451571,0.227712372926832,5,3.83
"426",0.678461730502084,0.399241321530905,5,4
"427",0.498909806781534,0.390781179392451,5,3.73
"428",0.495018140098337,0.388047454618287,5,3.7
"429",0.458520408611439,0.367604590256379,5,3.68
"430",0.466118129938849,0.382617200942053,5,3.67
"431",0.247506680451571,0.227712372926832,5,3.83
"432",0.678461730502084,0.399241321530905,5,4
"433",0.498909806781534,0.390781179392451,5,3.73
"434",0.495018140098337,0.388047454618287,5,3.7
"435",0.458520408611439,0.367604590256379,5,3.68
"436",0.466118129938849,0.382617200942053,5,3.67
"437",0.247506680451571,0.227712372926832,5,3.83
"438",0.678461730502084,0.399241321530905,5,4
"439",0.498909806781534,0.390781179392451,5,3.73
"440",0.495018140098337,0.388047454618287,5,3.7
"441",0.458520408611439,0.367604590256379,5,3.68
"442",0.466118129938849,0.382617200942053,5,3.67
"443",0.247506680451571,0.227712372926832,5,3.83
"444",0.678461730502084,0.399241321530905,5,4
"445",0.498909806781534,0.390781179392451,5,3.73
"446",0.495018140098337,0.388047454618287,5,3.7
"447",0.458520408611439,0.367604590256379,5,3.68
"448",0.466118129938849,0.382617200942053,5,3.67
"449",0.247506680451571,0.227712372926832,5,3.83
"450",0.678461730502084,0.399241321530905,5,4
"451",0.498909806781534,0.390781179392451,5,3.73
"452",0.495018140098337,0.388047454618287,5,3.7
"453",0.458520408611439,0.367604590256379,5,3.68
"454",0.466118129938849,0.382617200942053,5,3.67
"455",0.247506680451571,0.227712372926832,5,3.83
"456",0.678461730502084,0.399241321530905,5,4
"457",0.498909806781534,0.390781179392451,5,3.73
"458",0.495018140098337,0.388047454618287,5,3.7
"459",0.458520408611439,0.367604590256379,5,3.68
"460",0.466118129938849,0.382617200942053,5,3.67
"461",0.247506680451571,0.227712372926832,5,3.83
"462",0.678461730502084,0.399241321530905,5,4
"463",0.498909806781534,0.390781179392451,5,3.73
"464",0.495018140098337,0.388047454618287,5,3.7
"465",0.458520408611439,0.367604590256379,5,3.68
"466",0.466118129938849,0.382617200942053,5,3.67
"467",0.247506680451571,0.227712372926832,5,3.83
"468",0.678461730502084,0.399241321530905,5,4
"469",0.498909806781534,0.390781179392451,5,3.73
"470",0.495018140098337,0.388047454618287,5,3.7
"471",0.458520408611439,0.367604590256379,5,3.68
"472",0.466118129938849,0.382617200942053,5,3.67
"473",0.247506680451571,0.227712372926832,5,3.83
"474",0.678461730502084,0.399241321530905,5,4
"475",0.498909806781534,0.390781179392451,5,3.73
"476",0.495018140098337,0.388047454618287,5,3.7
"477",0.458520408611439,0.367604590256379,5,3.68
"478",0.466118129938849,0.382617200942053,5,3.67
"479",0.247506680451571,0.227712372926832,5,3.83
"480",0.678461730502084,0.399241321530905,5,4
"481",0.498909806781534,0.390781179392451,5,3.73
"482",0.495018140098337,0.388047454618287,5,3.7
"483",0.458520408611439,0.367604590256379,5,3.68
"484",0.466118129938849,0.382617200942053,5,3.67
"485",0.247506680451571,0.227712372926832,5,3.83
"486",0.678461730502084,0.399241321530905,5,4
"487",0.498909806781534,0.390781179392451,5,3.73
"488",0.495018140098337,0.388047454618287,5,3.7
"489",0.458520408611439,0.367604590256379,5,3.68
"490",0.466118129938849,0.382617200942053,5,3.67
"491",0.247506680451571,0.227712372926832,5,3.83
"492",0.678461730502084,0.399241321530905,5,4
"493",0.498909806781534,0.390781179392451,5,3.73
"494",0.495018140098337,0.388047454618287,5,3.7
"495",0.458520408611439,0.367604590256379,5,3.68
"496",0.466118129938849,0.382617200942053,5,3.67
"497",0.247506680451571,0.227712372926832,5,3.83
"498",0.678461730502084,0.399241321530905,5,4
"499",0.498909806781534,0.390781179392451,5,3.73
"500",0.495018140098337,0.388047454618287,5,3.7
"501",0.458520408611439,0.367604590256379,5,3.68
"502",0.466118129938849,0.382617200942053,5,3.67
"503",0.247506680451571,0.227712372926832,5,3.83
"504",0.678461730502084,0.399241321530905,5,4
"505",0.498909806781534,0.390781179392451,5,3.73
"506",0.495018140098337,0.388047454618287,5,3.7
"507",0.458520408611439,0.367604590256379,5,3.68
"508",0.466118129938849,0.382617200942053,5,3.67
"509",0.247506680451571,0.227712372926832,5,3.83
"510",0.678461730502084,0.399241321530905,5,4
"511",0.498909806781534,0.390781179392451,5,3.73
"512",0.495018140098337,0.388047454618287,5,3.7
"513",0.458520408611439,0.367604590256379,5,3.68
"514",0.466118129938849,0.382617200942053,5,3.67
"515",0.247506680451571,0.227712372926832,5,3.83
"516",0.678461730502084,0.399241321530905,5,4
"517",0.498909806781534,0.390781179392451,5,3.73
"518",0.495018140098337,0.388047454618287,5,3.7
"519",0.458520408611439,0.367604590256379,5,3.68
"520",0.466118129938849,0.382617200942053,5,3.67
"521",0.247506680451571,0.227712372926832,5,3.83
"522",0.678461730502084,0.399241321530905,5,4
"523",0.498909806781534,0.390781179392451,5,3.73
"524",0.495018140098337,0.388047454618287,5,3.7
"525",0.458520408611439,0.367604590256379,5,3.68
"526",0.466118129938849,0.382617200942053,5,3.67
"527",0.247506680451571,0.227712372926832,5,3.83
"528",0.678461730502084,0.399241321530905,5,4
"529",0.498909806781534,0.390781179392451,5,3.73
"530",0.495018140098337,0.388047454618287,5,3.7
"531",0.458520408611439,0.367604590256379,5,3.68
"532",0.466118129938849,0.382617200942053,5,3.67
"533",0.247506680451571,0.227712372926832,5,3.83
"534",0.678461730502084,0.399241321530905,5,4
"535",0.498909806781534,0.390781179392451,5,3.73
"536",0.495018140098337,0.388047454618287,5,3.7
"537",0.458520408611439,0.367604590256379,5,3.68
"538",0.466118129938849,0.382617200942053,5,3.67
"539",0.247506680451571,0.227712372926832,5,3.83
"540",0.678461730502084,0.399241321530905,5,4
"541",0.498909806781534,0.390781179392451,5,3.73
"542",0.495018140098337,0.388047454618287,5,3.7
"543",0.458520408611439,0.367604590256379,5,3.68
"544",0.466118129938849,0.382617200942053,5,3.67
"545",0.247506680451571,0.227712372926832,5,3.83
"546",0.678461730502084,0.399241321530905,5,4
"547",0.498909806781534,0.390781179392451,5,3.73
"548",0.495018140098337,0.388047454618287,5,3.7
"549",0.458520408611439,0.367604590256379,5,3.68
"550",0.466118129938849,0.382617200942053,5,3.67
"551",0.247506680451571,0.227712372926832,5,3.83
"552",0.678461730502084,0.399241321530905,5,4
"553",0.498909806781534,0.390781179392451,5,3.73
"554",0.495018140098337,0.388047454618287,5,3.7
"555",0.458520408611439,0.367604590256379,5,3.68
"556",0.466118129938849,0.382617200942053,5,3.67
"557",0.247506680451571,0.227712372926832,5,3.83
"558",0.678461730502084,0.399241321530905,5,4
"559",0.498909806781534,0.390781179392451,5,3.73
"560",0.495018140098337,0.388047454618287,5,3.7
"561",0.458520408611439,0.367604590256379,5,3.68
"562",0.466118129938849,0.382617200942053,5,3.67
"563",0.247506680451571,0.227712372926832,5,3.83
"564",0.678461730502084,0.399241321530905,5,4
"565",0.498909806781534,0.390781179392451,5,3.73
"566",0.495018140098337,0.388047454618287,5,3.7
"567",0.458520408611439,0.367604590256379,5,3.68
"568",0.466118129938849,0.382617200942053,5,3.67
"569",0.247506680451571,0.227712372926832,5,3.83
"570",0.678461730502084,0.399241321530905,5,4
"571",0.498909806781534,0.390781179392451,5,3.73
"572",0.495018140098337,0.388047454618287,5,3.7
"573",0.458520408611439,0.367604590256379,5,3.68
"574",0.466118129938849,0.382617200942053,5,3.67
"575",0.247506680451571,0.227712372926832,5,3.83
"576",0.678461730502084,0.399241321530905,5,4
"577",0.498909806781534,0.390781179392451,5,3.73
"578",0.495018140098337,0.388047454618287,5,3.7
"579",0.458520408611439,0.367604590256379,5,3.68
"580",0.466118129938849,0.382617200942053,5,3.67
"581",0.247506680451571,0.227712372926832,5,3.83
"582",0.678461730502084,0.399241321530905,5,4
"583",0.498909806781534,0.390781179392451,5,3.73
"584",0.495018140098337,0.388047454618287,5,3.7
"585",0.458520408611439,0.367604590256379,5,3.68
"586",0.466118129938849,0.382617200942053,5,3.67
"587",0.247506680451571,0.227712372926832,5,3.83
"588",0.678461730502084,0.399241321530905,5,4
"589",0.498909806781534,0.390781179392451,5,3.73
"590",0.495018140098337,0.388047454618287,5,3.7
"591",0.458520408611439,0.367604590256379,5,3.68
"592",0.466118129938849,0.382617200942053,5,3.67
"593",0.247506680451571,0.227712372926832,5,3.83
"594",0.678461730502084,0.399241321530905,5,4
"595",0.498909806781534,0.390781179392451,5,3.73
"596",0.495018140098337,0.388047454618287,5,3.7
"597",0.458520408611439,0.367604590256379,5,3.68
"598",0.466118129938849,0.382617200942053,5,3.67
"599",0.247506680451571,0.227712372926832,5,3.83
"600",0.678461730502084,0.399241321530905,5,4
"601",0.415274525973092,0.384318155872056,6,3.73
"602",0.413644509801608,0.382714513509927,6,3.7
"603",0.38078973069308,0.35398752380889,6,3.68
"604",0.379534955377052,0.356668268158591,6,3.67
"605",0.181705052358044,0.176398237483371,6,3.83
"606",0.627286662819938,0.483355267880489,6,4
"607",0.415274525973092,0.384318155872056,6,3.73
"608",0.413644509801608,0.382714513509927,6,3.7
"609",0.38078973069308,0.35398752380889,6,3.68
"610",0.379534955377052,0.356668268158591,6,3.67
"611",0.181705052358044,0.176398237483371,6,3.83
"612",0.627286662819938,0.483355267880489,6,4
"613",0.415274525973092,0.384318155872056,6,3.73
"614",0.413644509801608,0.382714513509927,6,3.7
"615",0.38078973069308,0.35398752380889,6,3.68
"616",0.379534955377052,0.356668268158591,6,3.67
"617",0.181705052358044,0.176398237483371,6,3.83
"618",0.627286662819938,0.483355267880489,6,4
"619",0.415274525973092,0.384318155872056,6,3.73
"620",0.413644509801608,0.382714513509927,6,3.7
"621",0.38078973069308,0.35398752380889,6,3.68
"622",0.379534955377052,0.356668268158591,6,3.67
"623",0.181705052358044,0.176398237483371,6,3.83
"624",0.627286662819938,0.483355267880489,6,4
"625",0.415274525973092,0.384318155872056,6,3.73
"626",0.413644509801608,0.382714513509927,6,3.7
"627",0.38078973069308,0.35398752380889,6,3.68
"628",0.379534955377052,0.356668268158591,6,3.67
"629",0.181705052358044,0.176398237483371,6,3.83
"630",0.627286662819938,0.483355267880489,6,4
"631",0.415274525973092,0.384318155872056,6,3.73
"632",0.413644509801608,0.382714513509927,6,3.7
"633",0.38078973069308,0.35398752380889,6,3.68
"634",0.379534955377052,0.356668268158591,6,3.67
"635",0.181705052358044,0.176398237483371,6,3.83
"636",0.627286662819938,0.483355267880489,6,4
"637",0.415274525973092,0.384318155872056,6,3.73
"638",0.413644509801608,0.382714513509927,6,3.7
"639",0.38078973069308,0.35398752380889,6,3.68
"640",0.379534955377052,0.356668268158591,6,3.67
"641",0.181705052358044,0.176398237483371,6,3.83
"642",0.627286662819938,0.483355267880489,6,4
"643",0.415274525973092,0.384318155872056,6,3.73
"644",0.413644509801608,0.382714513509927,6,3.7
"645",0.38078973069308,0.35398752380889,6,3.68
"646",0.379534955377052,0.356668268158591,6,3.67
"647",0.181705052358044,0.176398237483371,6,3.83
"648",0.627286662819938,0.483355267880489,6,4
"649",0.415274525973092,0.384318155872056,6,3.73
"650",0.413644509801608,0.382714513509927,6,3.7
"651",0.38078973069308,0.35398752380889,6,3.68
"652",0.379534955377052,0.356668268158591,6,3.67
"653",0.181705052358044,0.176398237483371,6,3.83
"654",0.627286662819938,0.483355267880489,6,4
"655",0.415274525973092,0.384318155872056,6,3.73
"656",0.413644509801608,0.382714513509927,6,3.7
"657",0.38078973069308,0.35398752380889,6,3.68
"658",0.379534955377052,0.356668268158591,6,3.67
"659",0.181705052358044,0.176398237483371,6,3.83
"660",0.627286662819938,0.483355267880489,6,4
"661",0.415274525973092,0.384318155872056,6,3.73
"662",0.413644509801608,0.382714513509927,6,3.7
"663",0.38078973069308,0.35398752380889,6,3.68
"664",0.379534955377052,0.356668268158591,6,3.67
"665",0.181705052358044,0.176398237483371,6,3.83
"666",0.627286662819938,0.483355267880489,6,4
"667",0.415274525973092,0.384318155872056,6,3.73
"668",0.413644509801608,0.382714513509927,6,3.7
"669",0.38078973069308,0.35398752380889,6,3.68
"670",0.379534955377052,0.356668268158591,6,3.67
"671",0.181705052358044,0.176398237483371,6,3.83
"672",0.627286662819938,0.483355267880489,6,4
"673",0.415274525973092,0.384318155872056,6,3.73
"674",0.413644509801608,0.382714513509927,6,3.7
"675",0.38078973069308,0.35398752380889,6,3.68
"676",0.379534955377052,0.356668268158591,6,3.67
"677",0.181705052358044,0.176398237483371,6,3.83
"678",0.627286662819938,0.483355267880489,6,4
"679",0.415274525973092,0.384318155872056,6,3.73
"680",0.413644509801608,0.382714513509927,6,3.7
"681",0.38078973069308,0.35398752380889,6,3.68
"682",0.379534955377052,0.356668268158591,6,3.67
"683",0.181705052358044,0.176398237483371,6,3.83
"684",0.627286662819938,0.483355267880489,6,4
"685",0.415274525973092,0.384318155872056,6,3.73
"686",0.413644509801608,0.382714513509927,6,3.7
"687",0.38078973069308,0.35398752380889,6,3.68
"688",0.379534955377052,0.356668268158591,6,3.67
"689",0.181705052358044,0.176398237483371,6,3.83
"690",0.627286662819938,0.483355267880489,6,4
"691",0.415274525973092,0.384318155872056,6,3.73
"692",0.413644509801608,0.382714513509927,6,3.7
"693",0.38078973069308,0.35398752380889,6,3.68
"694",0.379534955377052,0.356668268158591,6,3.67
"695",0.181705052358044,0.176398237483371,6,3.83
"696",0.627286662819938,0.483355267880489,6,4
"697",0.415274525973092,0.384318155872056,6,3.73
"698",0.413644509801608,0.382714513509927,6,3.7
"699",0.38078973069308,0.35398752380889,6,3.68
"700",0.379534955377052,0.356668268158591,6,3.67
"701",0.181705052358044,0.176398237483371,6,3.83
"702",0.627286662819938,0.483355267880489,6,4
"703",0.415274525973092,0.384318155872056,6,3.73
"704",0.413644509801608,0.382714513509927,6,3.7
"705",0.38078973069308,0.35398752380889,6,3.68
"706",0.379534955377052,0.356668268158591,6,3.67
"707",0.181705052358044,0.176398237483371,6,3.83
"708",0.627286662819938,0.483355267880489,6,4
"709",0.415274525973092,0.384318155872056,6,3.73
"710",0.413644509801608,0.382714513509927,6,3.7
"711",0.38078973069308,0.35398752380889,6,3.68
"712",0.379534955377052,0.356668268158591,6,3.67
"713",0.181705052358044,0.176398237483371,6,3.83
"714",0.627286662819938,0.483355267880489,6,4
"715",0.415274525973092,0.384318155872056,6,3.73
"716",0.413644509801608,0.382714513509927,6,3.7
"717",0.38078973069308,0.35398752380889,6,3.68
"718",0.379534955377052,0.356668268158591,6,3.67
"719",0.181705052358044,0.176398237483371,6,3.83
"720",0.627286662819938,0.483355267880489,6,4
"721",0.415274525973092,0.384318155872056,6,3.73
"722",0.413644509801608,0.382714513509927,6,3.7
"723",0.38078973069308,0.35398752380889,6,3.68
"724",0.379534955377052,0.356668268158591,6,3.67
"725",0.181705052358044,0.176398237483371,6,3.83
"726",0.627286662819938,0.483355267880489,6,4
"727",0.415274525973092,0.384318155872056,6,3.73
"728",0.413644509801608,0.382714513509927,6,3.7
"729",0.38078973069308,0.35398752380889,6,3.68
"730",0.379534955377052,0.356668268158591,6,3.67
"731",0.181705052358044,0.176398237483371,6,3.83
"732",0.627286662819938,0.483355267880489,6,4
"733",0.415274525973092,0.384318155872056,6,3.73
"734",0.413644509801608,0.382714513509927,6,3.7
"735",0.38078973069308,0.35398752380889,6,3.68
"736",0.379534955377052,0.356668268158591,6,3.67
"737",0.181705052358044,0.176398237483371,6,3.83
"738",0.627286662819938,0.483355267880489,6,4
"739",0.415274525973092,0.384318155872056,6,3.73
"740",0.413644509801608,0.382714513509927,6,3.7
"741",0.38078973069308,0.35398752380889,6,3.68
"742",0.379534955377052,0.356668268158591,6,3.67
"743",0.181705052358044,0.176398237483371,6,3.83
"744",0.627286662819938,0.483355267880489,6,4
"745",0.415274525973092,0.384318155872056,6,3.73
"746",0.413644509801608,0.382714513509927,6,3.7
"747",0.38078973069308,0.35398752380889,6,3.68
"748",0.379534955377052,0.356668268158591,6,3.67
"749",0.181705052358044,0.176398237483371,6,3.83
"750",0.627286662819938,0.483355267880489,6,4
"751",0.415274525973092,0.384318155872056,6,3.73
"752",0.413644509801608,0.382714513509927,6,3.7
"753",0.38078973069308,0.35398752380889,6,3.68
"754",0.379534955377052,0.356668268158591,6,3.67
"755",0.181705052358044,0.176398237483371,6,3.83
"756",0.627286662819938,0.483355267880489,6,4
"757",0.415274525973092,0.384318155872056,6,3.73
"758",0.413644509801608,0.382714513509927,6,3.7
"759",0.38078973069308,0.35398752380889,6,3.68
"760",0.379534955377052,0.356668268158591,6,3.67
"761",0.181705052358044,0.176398237483371,6,3.83
"762",0.627286662819938,0.483355267880489,6,4
"763",0.415274525973092,0.384318155872056,6,3.73
"764",0.413644509801608,0.382714513509927,6,3.7
"765",0.38078973069308,0.35398752380889,6,3.68
"766",0.379534955377052,0.356668268158591,6,3.67
"767",0.181705052358044,0.176398237483371,6,3.83
"768",0.627286662819938,0.483355267880489,6,4
"769",0.415274525973092,0.384318155872056,6,3.73
"770",0.413644509801608,0.382714513509927,6,3.7
"771",0.38078973069308,0.35398752380889,6,3.68
"772",0.379534955377052,0.356668268158591,6,3.67
"773",0.181705052358044,0.176398237483371,6,3.83
"774",0.627286662819938,0.483355267880489,6,4
"775",0.415274525973092,0.384318155872056,6,3.73
"776",0.413644509801608,0.382714513509927,6,3.7
"777",0.38078973069308,0.35398752380889,6,3.68
"778",0.379534955377052,0.356668268158591,6,3.67
"779",0.181705052358044,0.176398237483371,6,3.83
"780",0.627286662819938,0.483355267880489,6,4
"781",0.415274525973092,0.384318155872056,6,3.73
"782",0.413644509801608,0.382714513509927,6,3.7
"783",0.38078973069308,0.35398752380889,6,3.68
"784",0.379534955377052,0.356668268158591,6,3.67
"785",0.181705052358044,0.176398237483371,6,3.83
"786",0.627286662819938,0.483355267880489,6,4
"787",0.415274525973092,0.384318155872056,6,3.73
"788",0.413644509801608,0.382714513509927,6,3.7
"789",0.38078973069308,0.35398752380889,6,3.68
"790",0.379534955377052,0.356668268158591,6,3.67
"791",0.181705052358044,0.176398237483371,6,3.83
"792",0.627286662819938,0.483355267880489,6,4
"793",0.415274525973092,0.384318155872056,6,3.73
"794",0.413644509801608,0.382714513509927,6,3.7
"795",0.38078973069308,0.35398752380889,6,3.68
"796",0.379534955377052,0.356668268158591,6,3.67
"797",0.181705052358044,0.176398237483371,6,3.83
"798",0.627286662819938,0.483355267880489,6,4
"799",0.415274525973092,0.384318155872056,6,3.73
"800",0.413644509801608,0.382714513509927,6,3.7
"801",0.38078973069308,0.35398752380889,6,3.68
"802",0.379534955377052,0.356668268158591,6,3.67
"803",0.181705052358044,0.176398237483371,6,3.83
"804",0.627286662819938,0.483355267880489,6,4
"805",0.415274525973092,0.384318155872056,6,3.73
"806",0.413644509801608,0.382714513509927,6,3.7
"807",0.38078973069308,0.35398752380889,6,3.68
"808",0.379534955377052,0.356668268158591,6,3.67
"809",0.181705052358044,0.176398237483371,6,3.83
"810",0.627286662819938,0.483355267880489,6,4
"811",0.415274525973092,0.384318155872056,6,3.73
"812",0.413644509801608,0.382714513509927,6,3.7
"813",0.38078973069308,0.35398752380889,6,3.68
"814",0.379534955377052,0.356668268158591,6,3.67
"815",0.181705052358044,0.176398237483371,6,3.83
"816",0.627286662819938,0.483355267880489,6,4
"817",0.415274525973092,0.384318155872056,6,3.73
"818",0.413644509801608,0.382714513509927,6,3.7
"819",0.38078973069308,0.35398752380889,6,3.68
"820",0.379534955377052,0.356668268158591,6,3.67
"821",0.181705052358044,0.176398237483371,6,3.83
"822",0.627286662819938,0.483355267880489,6,4
"823",0.415274525973092,0.384318155872056,6,3.73
"824",0.413644509801608,0.382714513509927,6,3.7
"825",0.38078973069308,0.35398752380889,6,3.68
"826",0.379534955377052,0.356668268158591,6,3.67
"827",0.181705052358044,0.176398237483371,6,3.83
"828",0.627286662819938,0.483355267880489,6,4
"829",0.415274525973092,0.384318155872056,6,3.73
"830",0.413644509801608,0.382714513509927,6,3.7
"831",0.38078973069308,0.35398752380889,6,3.68
"832",0.379534955377052,0.356668268158591,6,3.67
"833",0.181705052358044,0.176398237483371,6,3.83
"834",0.627286662819938,0.483355267880489,6,4
"835",0.415274525973092,0.384318155872056,6,3.73
"836",0.413644509801608,0.382714513509927,6,3.7
"837",0.38078973069308,0.35398752380889,6,3.68
"838",0.379534955377052,0.356668268158591,6,3.67
"839",0.181705052358044,0.176398237483371,6,3.83
"840",0.627286662819938,0.483355267880489,6,4
"841",0.415274525973092,0.384318155872056,6,3.73
"842",0.413644509801608,0.382714513509927,6,3.7
"843",0.38078973069308,0.35398752380889,6,3.68
"844",0.379534955377052,0.356668268158591,6,3.67
"845",0.181705052358044,0.176398237483371,6,3.83
"846",0.627286662819938,0.483355267880489,6,4
"847",0.415274525973092,0.384318155872056,6,3.73
"848",0.413644509801608,0.382714513509927,6,3.7
"849",0.38078973069308,0.35398752380889,6,3.68
"850",0.379534955377052,0.356668268158591,6,3.67
"851",0.181705052358044,0.176398237483371,6,3.83
"852",0.627286662819938,0.483355267880489,6,4
"853",0.415274525973092,0.384318155872056,6,3.73
"854",0.413644509801608,0.382714513509927,6,3.7
"855",0.38078973069308,0.35398752380889,6,3.68
"856",0.379534955377052,0.356668268158591,6,3.67
"857",0.181705052358044,0.176398237483371,6,3.83
"858",0.627286662819938,0.483355267880489,6,4
"859",0.415274525973092,0.384318155872056,6,3.73
"860",0.413644509801608,0.382714513509927,6,3.7
"861",0.38078973069308,0.35398752380889,6,3.68
"862",0.379534955377052,0.356668268158591,6,3.67
"863",0.181705052358044,0.176398237483371,6,3.83
"864",0.627286662819938,0.483355267880489,6,4
"865",0.415274525973092,0.384318155872056,6,3.73
"866",0.413644509801608,0.382714513509927,6,3.7
"867",0.38078973069308,0.35398752380889,6,3.68
"868",0.379534955377052,0.356668268158591,6,3.67
"869",0.181705052358044,0.176398237483371,6,3.83
"870",0.627286662819938,0.483355267880489,6,4
"871",0.415274525973092,0.384318155872056,6,3.73
"872",0.413644509801608,0.382714513509927,6,3.7
"873",0.38078973069308,0.35398752380889,6,3.68
"874",0.379534955377052,0.356668268158591,6,3.67
"875",0.181705052358044,0.176398237483371,6,3.83
"876",0.627286662819938,0.483355267880489,6,4
"877",0.415274525973092,0.384318155872056,6,3.73
"878",0.413644509801608,0.382714513509927,6,3.7
"879",0.38078973069308,0.35398752380889,6,3.68
"880",0.379534955377052,0.356668268158591,6,3.67
"881",0.181705052358044,0.176398237483371,6,3.83
"882",0.627286662819938,0.483355267880489,6,4
"883",0.415274525973092,0.384318155872056,6,3.73
"884",0.413644509801608,0.382714513509927,6,3.7
"885",0.38078973069308,0.35398752380889,6,3.68
"886",0.379534955377052,0.356668268158591,6,3.67
"887",0.181705052358044,0.176398237483371,6,3.83
"888",0.627286662819938,0.483355267880489,6,4
"889",0.415274525973092,0.384318155872056,6,3.73
"890",0.413644509801608,0.382714513509927,6,3.7
"891",0.38078973069308,0.35398752380889,6,3.68
"892",0.379534955377052,0.356668268158591,6,3.67
"893",0.181705052358044,0.176398237483371,6,3.83
"894",0.627286662819938,0.483355267880489,6,4
"895",0.415274525973092,0.384318155872056,6,3.73
"896",0.413644509801608,0.382714513509927,6,3.7
"897",0.38078973069308,0.35398752380889,6,3.68
"898",0.379534955377052,0.356668268158591,6,3.67
"899",0.181705052358044,0.176398237483371,6,3.83
"900",0.627286662819938,0.483355267880489,6,4
