"","H","C","D"
"1",0.999988988974829,1.08692205708916e-05,"3"
"2",0.999994859389311,5.07327941884933e-06,"3"
"3",0.999995604076134,4.33845608506601e-06,"3"
"4",0.999990472647331,9.40207347363513e-06,"3"
"5",0.999990957304182,8.91996966442021e-06,"3"
"6",0.999972801298591,2.6872744094874e-05,"3"
"7",0.999993609145585,6.30726985664007e-06,"3"
"8",0.999955892343238,4.34886256837183e-05,"3"
"9",0.99998807851834,1.17568999538816e-05,"3"
"10",0.999986120397087,1.3702925158561e-05,"3"
"11",0.999984889651378,1.4910021043579e-05,"3"
"12",0.999959612595283,3.98530484023226e-05,"3"
"13",0.999970057404207,2.9556092211544e-05,"3"
"14",0.999982087145917,1.76789288159693e-05,"3"
"15",0.999945978946081,5.33844913626999e-05,"3"
"16",0.99998735434198,1.2485813528999e-05,"3"
"17",0.999964291335408,3.52330957063715e-05,"3"
"18",0.999988907114452,1.0942144067279e-05,"3"
"19",0.999993048036862,6.86355299781977e-06,"3"
"20",0.999993208743075,6.69507530091206e-06,"3"
"21",0.999997530129194,2.43721794328937e-06,"3"
"22",0.999979538196626,2.01954542261641e-05,"3"
"23",0.99998178948227,1.79768001417199e-05,"3"
"24",0.999982130183091,1.76377026073447e-05,"3"
"25",0.999978532922816,2.11924476085554e-05,"3"
"26",0.999964634259852,3.49051834196321e-05,"3"
"27",0.999972976859452,2.67133955786311e-05,"3"
"28",0.999979728063737,1.99996865382664e-05,"3"
"29",0.999991343533426,8.53993350332038e-06,"3"
"30",0.999945990268641,5.32991885908537e-05,"3"
"31",0.999981935730566,1.78409681885611e-05,"3"
"32",0.9999951672547,4.77090665479306e-06,"3"
"33",0.999980410028447,1.93306115332193e-05,"3"
"34",0.999929041286756,7.00218314405165e-05,"3"
"35",0.99998055489198,1.91889063761818e-05,"3"
"36",0.999989071349052,1.07856174794314e-05,"3"
"37",0.99999269259252,7.20265558984324e-06,"3"
"38",0.999979536551412,2.01695404265527e-05,"3"
"39",0.999993586954506,6.3302041496864e-06,"3"
"40",0.999978492695474,2.12249091289429e-05,"3"
"41",0.999987897138136,1.19420943873489e-05,"3"
"42",0.999990818111387,9.06322556069671e-06,"3"
"43",0.999985068703206,1.47315538491805e-05,"3"
"44",0.999999615474987,3.794985259199e-07,"3"
"45",0.999974256906165,2.54345942586184e-05,"3"
"46",0.999978771680977,2.09506833943795e-05,"3"
"47",0.999995798035247,4.14983338052931e-06,"3"
"48",0.999961487152459,3.80354961857224e-05,"3"
"49",0.999996442035694,3.51315219114967e-06,"3"
"50",0.999996056855306,3.8929564440095e-06,"3"
"51",0.999949094529997,5.02332851975593e-05,"3"
"52",0.999969772848949,2.98298326474823e-05,"3"
"53",0.999970904541394,2.86994603209932e-05,"3"
"54",0.999996918604677,3.04102900204233e-06,"3"
"55",0.999994137110516,5.78683763607002e-06,"3"
"56",0.999967106687852,3.24624674191964e-05,"3"
"57",0.999992921452024,6.98284870309765e-06,"3"
"58",0.999990206462792,9.66587912198169e-06,"3"
"59",0.999985618770601,1.41810776299112e-05,"3"
"60",0.999982560125879,1.72121308690075e-05,"3"
"61",0.999984232414259,1.55590003681501e-05,"3"
"62",0.999983744543212,1.60438769531642e-05,"3"
"63",0.99999308294093,6.82774791941388e-06,"3"
"64",0.999977279475635,2.24172202196682e-05,"3"
"65",0.999984125131534,1.56702241264909e-05,"3"
"66",0.99999334478149,6.56442186206023e-06,"3"
"67",0.999989854948956,1.00216493091578e-05,"3"
"68",0.999998180505852,1.79572510122119e-06,"3"
"69",0.999976058591214,2.36117235416243e-05,"3"
"70",0.999975701911194,2.39816613716811e-05,"3"
"71",0.999968576039698,3.10132081854844e-05,"3"
"72",0.999985083739168,1.47185673297006e-05,"3"
"73",0.99999557845428,4.36250000992445e-06,"3"
"74",0.999976939180674,2.27814900706376e-05,"3"
"75",0.999986698176795,1.31405028032676e-05,"3"
"76",0.999994394018307,5.53146895424693e-06,"3"
"77",0.999976281630265,2.34177170381528e-05,"3"
"78",0.999967736237483,3.1832711683229e-05,"3"
"79",0.999899159331505,9.95316342593063e-05,"3"
"80",0.999997959626558,2.01362284078909e-06,"3"
"81",0.999971597819497,2.80725650106296e-05,"3"
"82",0.999993041785748,6.87546049731861e-06,"3"
"83",0.999980221403454,1.95192967256273e-05,"3"
"84",0.999986008189857,1.38181134417886e-05,"3"
"85",0.999995158577323,4.77516053201303e-06,"3"
"86",0.999982890542684,1.68869595555735e-05,"3"
"87",0.999989214112867,1.0648343748218e-05,"3"
"88",0.99999448138251,5.4437883905153e-06,"3"
"89",0.9999809531282,1.88056452828796e-05,"3"
"90",0.999972437918121,2.71964540815415e-05,"3"
"91",0.999975450463266,2.42521439523129e-05,"3"
"92",0.999973881045958,2.57952681530635e-05,"3"
"93",0.999918896404724,7.99673274975708e-05,"3"
"94",0.99998642085703,1.33956782106712e-05,"3"
"95",0.99998398113466,1.58053811598442e-05,"3"
"96",0.999989011885089,1.08445552469305e-05,"3"
"97",0.999958437111231,4.10207044740751e-05,"3"
"98",0.99998166352078,1.80924896903603e-05,"3"
"99",0.999997527820385,2.43865365678601e-06,"3"
"100",0.999996971884622,2.98859993457083e-06,"3"
"101",0.999973868747961,2.5771248839305e-05,"3"
"102",0.999990617533119,9.27091144015272e-06,"3"
"103",0.9999926064552,7.29577393997983e-06,"3"
"104",0.999993308421006,6.60237718283936e-06,"3"
"105",0.99996753877782,3.19578723295604e-05,"3"
"106",0.99999349882946,6.41239991744504e-06,"3"
"107",0.999971442198529,2.81818054944872e-05,"3"
"108",0.999997231186705,2.73299467751986e-06,"3"
"109",0.999983154175296,1.66190160498572e-05,"3"
"110",0.9999881109143,1.17400106701847e-05,"3"
"111",0.999980399893685,1.93350355549974e-05,"3"
"112",0.999946098846558,5.31687930967783e-05,"3"
"113",0.999977627838693,2.2095954233554e-05,"3"
"114",0.999997620151915,2.34824620531237e-06,"3"
"115",0.999984670461244,1.51399780868617e-05,"3"
"116",0.999949114002931,5.02665687472807e-05,"3"
"117",0.999955643302966,4.38287662972344e-05,"3"
"118",0.999956247122046,4.31545534476911e-05,"3"
"119",0.999982684879177,1.70915809516728e-05,"3"
"120",0.999978370344422,2.13577487632921e-05,"3"
"121",0.999981050147753,1.86924182064768e-05,"3"
"122",0.999983348116006,1.64284478748492e-05,"3"
"123",0.999916287875691,8.27349754954644e-05,"3"
"124",0.999973070865553,2.66072463130338e-05,"3"
"125",0.999996599509478,3.35672141767176e-06,"3"
"126",0.999992883463577,7.02057238633069e-06,"3"
"127",0.999991193136319,8.70176985993889e-06,"3"
"128",0.999988850187248,1.1004591847347e-05,"3"
"129",0.999975955843508,2.37294223071302e-05,"3"
"130",0.999988801676956,1.10433612787862e-05,"3"
"131",0.999974774421496,2.49243758582953e-05,"3"
"132",0.999976706324868,2.29781300435458e-05,"3"
"133",0.999935713174357,6.32887884287263e-05,"3"
"134",0.999992967884908,6.94187644662204e-06,"3"
"135",0.999985008355774,1.48050508375304e-05,"3"
"136",0.99999105903318,8.81896079900777e-06,"3"
"137",0.999994599347973,5.33593613728886e-06,"3"
"138",0.999988858730792,1.09952594815726e-05,"3"
"139",0.999992267049893,7.63690711341275e-06,"3"
"140",0.999992533916888,7.37010590208519e-06,"3"
"141",0.999966726212475,3.28312416941611e-05,"3"
"142",0.999984422496478,1.53675253273245e-05,"3"
"143",0.999994484412191,5.44326967452698e-06,"3"
"144",0.999990638154677,9.2403729412771e-06,"3"
"145",0.999988794467083,1.10527080767516e-05,"3"
"146",0.9999809054746,1.88417772822002e-05,"3"
"147",0.999979995152004,1.97835730211605e-05,"3"
"148",0.999995265434238,4.6705237930936e-06,"3"
"149",0.999992695698914,7.20729415763973e-06,"3"
"150",0.999983840158975,1.59360540247629e-05,"3"
"151",0.999976846127612,2.28339714102751e-05,"3"
"152",0.999971126117283,2.85122236284265e-05,"3"
"153",0.999984518758066,1.52772550555654e-05,"3"
"154",0.999994846386149,5.08591721245906e-06,"3"
"155",0.999981660126458,1.81067774452305e-05,"3"
"156",0.999960478287373,3.90000699824567e-05,"3"
"157",0.999981351597098,1.841542692167e-05,"3"
"158",0.999989564425945,1.03055974617013e-05,"3"
"159",0.99999240259448,7.50038128350975e-06,"3"
"160",0.99996965415925,3.00084579139053e-05,"3"
"161",0.999979661002274,2.00579692544572e-05,"3"
"162",0.999987724620054,1.21062423843966e-05,"3"
"163",0.999983717513974,1.60706779831008e-05,"3"
"164",0.999998711173957,1.27194342123314e-06,"3"
"165",0.999995515813844,4.42548160296486e-06,"3"
"166",0.999949472844408,4.97924305501419e-05,"3"
"167",0.999976522428377,2.31749363842451e-05,"3"
"168",0.999997790157314,2.18119875490233e-06,"3"
"169",0.999898692940459,9.98554207089528e-05,"3"
"170",0.99999555984635,4.38343601490237e-06,"3"
"171",0.999986419585213,1.34233583641677e-05,"3"
"172",0.999961567813628,3.79067919035318e-05,"3"
"173",0.999994552004817,5.37626311084546e-06,"3"
"174",0.999980427374132,1.93188180204148e-05,"3"
"175",0.999978905859697,2.08162104632778e-05,"3"
"176",0.999993498591727,6.41605485206236e-06,"3"
"177",0.999984074550263,1.57219701608447e-05,"3"
"178",0.999980893928553,1.88562997228469e-05,"3"
"179",0.999982084933182,1.7679577465929e-05,"3"
"180",0.999972673906179,2.69600447019728e-05,"3"
"181",0.999997891154989,2.08126905825178e-06,"3"
"182",0.999987596346445,1.22412526187145e-05,"3"
"183",0.999985277246398,1.45425373167266e-05,"3"
"184",0.999967152514127,3.24149980718e-05,"3"
"185",0.999992468743509,7.43155008143033e-06,"3"
"186",0.99999228607108,7.61205651369619e-06,"3"
"187",0.99995640374383,4.30450467604882e-05,"3"
"188",0.999988404057535,1.14422390842663e-05,"3"
"189",0.999973855235471,2.58335170296205e-05,"3"
"190",0.999973901739898,2.57705993282038e-05,"3"
"191",0.999991575369701,8.31308831847085e-06,"3"
"192",0.999902371694635,9.6229091648107e-05,"3"
"193",0.999971881320204,2.77123723950149e-05,"3"
"194",0.999978938420545,2.07726456650027e-05,"3"
"195",0.999994724444288,5.20495400660412e-06,"3"
"196",0.999982751877549,1.699182595492e-05,"3"
"197",0.999869188869247,0.000129167379852645,"3"
"198",0.999990475700758,9.40283932089029e-06,"3"
"199",0.999980958011083,1.88010782758658e-05,"3"
"200",0.999979302163882,2.04344638891964e-05,"3"
"201",0.999981013321562,1.87423175472448e-05,"3"
"202",0.999960764595504,3.8720168643948e-05,"3"
"203",0.999975714273576,2.39554608867933e-05,"3"
"204",0.9999902654322,9.60899512036572e-06,"3"
"205",0.999995528691938,4.41302837216062e-06,"3"
"206",0.999978764244169,2.09610681585853e-05,"3"
"207",0.999991558340627,8.32508382701227e-06,"3"
"208",0.99998909407686,1.0764538470804e-05,"3"
"209",0.999993707296764,6.21685271576372e-06,"3"
"210",0.999990557285681,9.31777121285659e-06,"3"
"211",0.999971857178618,2.77737288939987e-05,"3"
"212",0.999960231443014,3.92542963665706e-05,"3"
"213",0.999948143325799,5.12248724966057e-05,"3"
"214",0.999991401564343,8.48312085288906e-06,"3"
"215",0.999985978734263,1.38353105975223e-05,"3"
"216",0.999945921192866,5.34528352021106e-05,"3"
"217",0.99999438616741,5.54640332618585e-06,"3"
"218",0.999994921280233,5.00942943050483e-06,"3"
"219",0.999963770091751,3.57507077904123e-05,"3"
"220",0.999989703056253,1.01552528752678e-05,"3"
"221",0.999945807731646,5.34662415963941e-05,"3"
"222",0.999977955426907,2.17491421093558e-05,"3"
"223",0.999984437167388,1.53570348012734e-05,"3"
"224",0.99999633661587,3.61367833424225e-06,"3"
"225",0.999995536352691,4.40565412402326e-06,"3"
"226",0.999989444566939,1.04261932639996e-05,"3"
"227",0.99998296979859,1.68178908404936e-05,"3"
"228",0.999997009541803,2.95136363328919e-06,"3"
"229",0.999998035603928,1.93817155089731e-06,"3"
"230",0.999979662128153,2.00787976660371e-05,"3"
"231",0.999980751474337,1.89884866317014e-05,"3"
"232",0.999981273545896,1.84913545469007e-05,"3"
"233",0.999976414853159,2.33064592201173e-05,"3"
"234",0.999985733866317,1.4082733050086e-05,"3"
"235",0.999972690935416,2.69533466437718e-05,"3"
"236",0.999978608683446,2.11040757098214e-05,"3"
"237",0.999969872820165,2.9695784387602e-05,"3"
"238",0.999972259322723,2.73674942442447e-05,"3"
"239",0.99995681355723,4.2658447792716e-05,"3"
"240",0.999992619444482,7.28580629358024e-06,"3"
"241",0.999986152927522,1.36528039872888e-05,"3"
"242",0.999987933221608,1.19210924143634e-05,"3"
"243",0.999996470443444,3.48431948232646e-06,"3"
"244",0.999989866146664,9.99580700656752e-06,"3"
"245",0.999985826377523,1.39920708681735e-05,"3"
"246",0.99999250052404,7.40300835682013e-06,"3"
"247",0.999987558175816,1.22706701962935e-05,"3"
"248",0.999993128405407,6.78358192298237e-06,"3"
"249",0.999980394795854,1.93452432572574e-05,"3"
"250",0.999971567462262,2.80764452056097e-05,"3"
"251",0.999990754541558,9.12162331501785e-06,"3"
"252",0.999991000621435,8.88228635243929e-06,"3"
"253",0.999981030186462,1.87193208433512e-05,"3"
"254",0.999943512417821,5.57412669669673e-05,"3"
"255",0.999958080893242,4.14331258135158e-05,"3"
"256",0.999982712702203,1.70556875456605e-05,"3"
"257",0.999973057903908,2.65913175289909e-05,"3"
"258",0.999969316472407,3.03165072324456e-05,"3"
"259",0.999959323481401,4.01086027491731e-05,"3"
"260",0.999962134083766,3.73786526726131e-05,"3"
"261",0.999996436871012,3.51616779438054e-06,"3"
"262",0.999969862950003,2.9746055272736e-05,"3"
"263",0.999996503766592,3.44755332594469e-06,"3"
"264",0.999989241695606,1.06200571239972e-05,"3"
"265",0.99998819450792,1.16559202460059e-05,"3"
"266",0.999943917296858,5.52798207987314e-05,"3"
"267",0.999965713045444,3.37857644803106e-05,"3"
"268",0.999933579729526,6.55085632102779e-05,"3"
"269",0.999965800079338,3.37421744089749e-05,"3"
"270",0.99999463937283,5.28924004560294e-06,"3"
"271",0.999972309235906,2.73029971914377e-05,"3"
"272",0.999986310948838,1.3504801391649e-05,"3"
"273",0.999994790965098,5.13887388171645e-06,"3"
"274",0.999935511952472,6.36578801682576e-05,"3"
"275",0.999991073221556,8.81249375653063e-06,"3"
"276",0.999997225222409,2.73719713935675e-06,"3"
"277",0.999948699956452,5.06228300430544e-05,"3"
"278",0.999996639411923,3.31550132233825e-06,"3"
"279",0.999962467193554,3.70607745737266e-05,"3"
"280",0.999980496882129,1.92344549106812e-05,"3"
"281",0.999969176045346,3.04178256828952e-05,"3"
"282",0.999983972049923,1.58148757501978e-05,"3"
"283",0.999994473891614,5.44893311908041e-06,"3"
"284",0.999995461578022,4.4766824042739e-06,"3"
"285",0.999998286858772,1.68985129300077e-06,"3"
"286",0.999985832461698,1.39757918439658e-05,"3"
"287",0.9999224800469,7.65341141901121e-05,"3"
"288",0.999980022252996,1.97162233899112e-05,"3"
"289",0.999996179299858,3.77053362354629e-06,"3"
"290",0.999956019130516,4.33900625184617e-05,"3"
"291",0.999977622892912,2.20681778868646e-05,"3"
"292",0.999997535436065,2.43332931279894e-06,"3"
"293",0.999994258216916,5.66638862865027e-06,"3"
"294",0.999978862621017,2.08227854757449e-05,"3"
"295",0.999975083045718,2.45871061407734e-05,"3"
"296",0.999986578319717,1.32365889986535e-05,"3"
"297",0.999974455869232,2.51534034703206e-05,"3"
"298",0.999991400652798,8.48844471106906e-06,"3"
"299",0.999962825960695,3.66691360845189e-05,"3"
"300",0.999976529165662,2.31254362186563e-05,"3"
"301",0.999995438568554,4.50214883273083e-06,"3"
"302",0.999984943174577,1.48525966385492e-05,"3"
"303",0.999985300822086,1.45036333989752e-05,"3"
"304",0.9999849226586,1.48849505605173e-05,"3"
"305",0.999988282811353,1.15582555144803e-05,"3"
"306",0.999995011930438,4.92349233377493e-06,"3"
"307",0.999979371923063,2.03306353027033e-05,"3"
"308",0.999991948959981,7.94449770074027e-06,"3"
"309",0.999963874760803,3.56460888184782e-05,"3"
"310",0.999989139406774,1.07146239437987e-05,"3"
"311",0.999982311689508,1.74371651668495e-05,"3"
"312",0.99998282070093,1.69454026071321e-05,"3"
"313",0.999954351643333,4.50454046476839e-05,"3"
"314",0.999974504784663,2.51515952497597e-05,"3"
"315",0.999995946527661,4.00207042370359e-06,"3"
"316",0.999975925058914,2.37459227634256e-05,"3"
"317",0.999991996404342,7.89805575453058e-06,"3"
"318",0.99997047426086,2.91791016046054e-05,"3"
"319",0.999974828250433,2.47852865145228e-05,"3"
"320",0.999998458240072,1.52142758459943e-06,"3"
"321",0.999976072791564,2.3607160236065e-05,"3"
"322",0.999937408130877,6.17680825195081e-05,"3"
"323",0.9999943882442,5.53802981798144e-06,"3"
"324",0.999980462358088,1.92868842120718e-05,"3"
"325",0.999989129863358,1.07340577437701e-05,"3"
"326",0.999987067928245,1.27570762279769e-05,"3"
"327",0.999951091834689,4.82634758969421e-05,"3"
"328",0.999985483817371,1.43338868086349e-05,"3"
"329",0.99999614297252,3.80646088189917e-06,"3"
"330",0.99992748144216,7.14865418289749e-05,"3"
"331",0.999999449402672,5.43368356912768e-07,"3"
"332",0.999951783086464,4.75610313308976e-05,"3"
"333",0.999989901563398,9.95990320759346e-06,"3"
"334",0.999981514263109,1.82685585462628e-05,"3"
"335",0.999983866105012,1.59227673663312e-05,"3"
"336",0.999972408924109,2.72273625653635e-05,"3"
"337",0.999985633703565,1.41781595374757e-05,"3"
"338",0.999985493758474,1.43317528762148e-05,"3"
"339",0.999973286508883,2.63613022456204e-05,"3"
"340",0.999983279373658,1.65130060776142e-05,"3"
"341",0.999984777850825,1.50305537187053e-05,"3"
"342",0.999987760632457,1.209130343368e-05,"3"
"343",0.999993763898809,6.14826743515316e-06,"3"
"344",0.999975704210467,2.39769680154837e-05,"3"
"345",0.999991490014849,8.39779438291527e-06,"3"
"346",0.999997888523646,2.08384264104865e-06,"3"
"347",0.999997864550153,2.10677069440862e-06,"3"
"348",0.999997540362725,2.42735738331413e-06,"3"
"349",0.999991640040158,8.24909336649361e-06,"3"
"350",0.999995325538463,4.61195961560525e-06,"3"
"351",0.999991899010703,7.99133541758547e-06,"3"
"352",0.999986864464098,1.29558032683112e-05,"3"
"353",0.999999493563477,4.9981091652584e-07,"3"
"354",0.999936311194814,6.28773398532106e-05,"3"
"355",0.999978163708073,2.15419882397219e-05,"3"
"356",0.999993943504823,5.97493475127621e-06,"3"
"357",0.99999732582217,2.63785646347124e-06,"3"
"358",0.999993615575564,6.3043660811045e-06,"3"
"359",0.999942235496836,5.69693488416135e-05,"3"
"360",0.999981383543132,1.83648367647866e-05,"3"
"361",0.999972201267918,2.74336272472426e-05,"3"
"362",0.999995336832688,4.60052745068124e-06,"3"
"363",0.999969778673701,2.98346332415093e-05,"3"
"364",0.999971247496844,2.83484383119014e-05,"3"
"365",0.999986694271116,1.3149603213403e-05,"3"
"366",0.999979739285206,1.99969392979915e-05,"3"
"367",0.999972029108666,2.76059054634368e-05,"3"
"368",0.999963989714464,3.55314073848284e-05,"3"
"369",0.999976664079303,2.3045286842294e-05,"3"
"370",0.999957316854903,4.20202385331436e-05,"3"
"371",0.99996137841381,3.81575541825265e-05,"3"
"372",0.999978378127988,2.13568190514056e-05,"3"
"373",0.999978571624424,2.1147026374753e-05,"3"
"374",0.999983827097149,1.5965303839747e-05,"3"
"375",0.999985907366957,1.39131599039423e-05,"3"
"376",0.999979338972382,2.03859341900277e-05,"3"
"377",0.999982907744203,1.68542645618109e-05,"3"
"378",0.99999658033601,3.37518882283603e-06,"3"
"379",0.999984703546524,1.51015493979684e-05,"3"
"380",0.999984439070338,1.53615251947141e-05,"3"
"381",0.999993073393898,6.82800847288251e-06,"3"
"382",0.999966621736331,3.29461563199845e-05,"3"
"383",0.999972603394595,2.70864510821631e-05,"3"
"384",0.999992723751153,7.18031375477033e-06,"3"
"385",0.999972121778164,2.75236483455648e-05,"3"
"386",0.999962905930098,3.65997306429666e-05,"3"
"387",0.999995622576822,4.31833960538047e-06,"3"
"388",0.999969272076919,3.03538155673356e-05,"3"
"389",0.999930032418217,6.91305103818265e-05,"3"
"390",0.999995217963827,4.71369739753273e-06,"3"
"391",0.999976330560883,2.33578247527659e-05,"3"
"392",0.999987383876312,1.24572840941665e-05,"3"
"393",0.999996311227246,3.64002194813259e-06,"3"
"394",0.999986210694245,1.35957018033311e-05,"3"
"395",0.999984296527484,1.54964795898581e-05,"3"
"396",0.999862275270743,0.000135855802269411,"3"
"397",0.999994253024829,5.67209404251102e-06,"3"
"398",0.999996522825759,3.43255748828105e-06,"3"
"399",0.999978043677869,2.16594797736986e-05,"3"
"400",0.999982228824394,1.75287217419704e-05,"3"
"401",0.999952472683821,4.69732876421768e-05,"3"
"402",0.999984343872575,1.54317419512561e-05,"3"
"403",0.999994472800711,5.45384856145368e-06,"3"
"404",0.999986126457927,1.3684028611235e-05,"3"
"405",0.999979290665982,2.04336555947303e-05,"3"
"406",0.99996263690414,3.68649055110467e-05,"3"
"407",0.99997239993608,2.72255274737821e-05,"3"
"408",0.999965567180886,3.40453870179463e-05,"3"
"409",0.999986421706069,1.33996602348763e-05,"3"
"410",0.999979942691871,1.97917352490961e-05,"3"
"411",0.999972271179658,2.73717961357455e-05,"3"
"412",0.99998317724911,1.66013552326634e-05,"3"
"413",0.999993719950655,6.20605691515287e-06,"3"
"414",0.9999659472031,3.35528551751168e-05,"3"
"415",0.999948037521112,5.13558058380737e-05,"3"
"416",0.999981778817969,1.79786856266272e-05,"3"
"417",0.999973105828312,2.65773076304674e-05,"3"
"418",0.999991265776937,8.62065748293026e-06,"3"
"419",0.999969118505445,3.0499021056661e-05,"3"
"420",0.999965347612817,3.41343974306777e-05,"3"
"421",0.999975637582879,2.40664144989755e-05,"3"
"422",0.999985782849771,1.40293915694667e-05,"3"
"423",0.999988531931767,1.13137661032614e-05,"3"
"424",0.999978529818385,2.11791695637342e-05,"3"
"425",0.99998946966078,1.03929924395968e-05,"3"
"426",0.999988793344045,1.10504173051943e-05,"3"
"427",0.999979818748028,1.99031457998299e-05,"3"
"428",0.999954579132447,4.48493539364022e-05,"3"
"429",0.999959442349229,3.99869209954031e-05,"3"
"430",0.999980193942762,1.95453767418959e-05,"3"
"431",0.999998639245013,1.34272452024325e-06,"3"
"432",0.999977624013279,2.20804260650796e-05,"3"
"433",0.999979130802908,2.05955539079847e-05,"3"
"434",0.999987518895856,1.23142729949861e-05,"3"
"435",0.999982771215114,1.6983653171818e-05,"3"
"436",0.999974868401292,2.47522744268836e-05,"3"
"437",0.999968835229471,3.07168336282734e-05,"3"
"438",0.999992805679468,7.09077998738249e-06,"3"
"439",0.999954791746555,4.46225741314945e-05,"3"
"440",0.999985146599311,1.46565754256892e-05,"3"
"441",0.999989218985831,1.06351640654612e-05,"3"
"442",0.999975736714978,2.39473473447023e-05,"3"
"443",0.999993268629215,6.6427717206548e-06,"3"
"444",0.999989888356855,9.97481479823133e-06,"3"
"445",0.999992579124248,7.31970557004418e-06,"3"
"446",0.999958278684806,4.11508509911776e-05,"3"
"447",0.999986642225657,1.31895832022899e-05,"3"
"448",0.999986399789022,1.34208976456997e-05,"3"
"449",0.999973661144622,2.59720161453777e-05,"3"
"450",0.999993900900381,6.01882681441357e-06,"3"
"451",0.999992192184048,7.70013254245185e-06,"3"
"452",0.9999757056058,2.39663203920248e-05,"3"
"453",0.999977697441456,2.20246321808867e-05,"3"
"454",0.999990427053493,9.45040995885855e-06,"3"
"455",0.999981008328045,1.87074926097815e-05,"3"
"456",0.999974051924649,2.56037574503503e-05,"3"
"457",0.999988637383603,1.12184688449546e-05,"3"
"458",0.999990351652852,9.51640282526663e-06,"3"
"459",0.999967229573008,3.23406026400014e-05,"3"
"460",0.999982810895671,1.69599148602988e-05,"3"
"461",0.999962579743992,3.6945638072764e-05,"3"
"462",0.99999532494904,4.61878506741815e-06,"3"
"463",0.99999643309443,3.51977517136535e-06,"3"
"464",0.99998096809085,1.87874334266724e-05,"3"
"465",0.999988189925602,1.16455287484213e-05,"3"
"466",0.999967225665142,3.23120872304407e-05,"3"
"467",0.999983267694445,1.65111033188977e-05,"3"
"468",0.999975328528371,2.44016964608779e-05,"3"
"469",0.999890421662137,0.000108068107931905,"3"
"470",0.999993660083646,6.25500320907258e-06,"3"
"471",0.999986352005806,1.34651755235835e-05,"3"
"472",0.999982675836489,1.70950469112465e-05,"3"
"473",0.999984845129429,1.49527772366522e-05,"3"
"474",0.999978538269585,2.11785273527723e-05,"3"
"475",0.99998236316713,1.74025675637486e-05,"3"
"476",0.999986995301688,1.28130701630458e-05,"3"
"477",0.999988846986548,1.10020905200859e-05,"3"
"478",0.999991877758009,8.01023134696559e-06,"3"
"479",0.999972453744905,2.71935117957888e-05,"3"
"480",0.999990001190426,9.8719217039325e-06,"3"
"481",0.999977578619682,2.21264189160838e-05,"3"
"482",0.999988739395887,1.11110882467026e-05,"3"
"483",0.999989127743135,1.07279185164333e-05,"3"
"484",0.999961765622375,3.7769332092364e-05,"3"
"485",0.999997716891739,2.25395870516241e-06,"3"
"486",0.999975931772865,2.37432228180587e-05,"3"
"487",0.999996694615288,3.26220955833837e-06,"3"
"488",0.999985008777282,1.48097240637004e-05,"3"
"489",0.999990217774368,9.65839297378302e-06,"3"
"490",0.999993465156376,6.44770383280123e-06,"3"
"491",0.999980916516059,1.88149152705195e-05,"3"
"492",0.99998955620587,1.03098423996252e-05,"3"
"493",0.999992780440305,7.1274658461547e-06,"3"
"494",0.999972009955164,2.76229191535238e-05,"3"
"495",0.999998432279831,1.54795852691958e-06,"3"
"496",0.999986070674351,1.37428029962718e-05,"3"
"497",0.999987562118208,1.22721073135446e-05,"3"
"498",0.999977688917666,2.20094813110193e-05,"3"
"499",0.999977142489728,2.25671183431299e-05,"3"
"500",0.99996948105469,3.01335932440743e-05,"3"
"501",0.999987813853662,1.20296998686486e-05,"3"
"502",0.999986246733624,1.35727575158468e-05,"3"
"503",0.999996545546035,3.40950272506061e-06,"3"
"504",0.999982936570988,1.68479056659532e-05,"3"
"505",0.999979449242119,2.0264346453885e-05,"3"
"506",0.999984382461913,1.5401688786133e-05,"3"
"507",0.999982739836801,1.70658460464196e-05,"3"
"508",0.99999478749606,5.14598961439783e-06,"3"
"509",0.999981657464569,1.81246510957244e-05,"3"
"510",0.999987831079043,1.2012773689627e-05,"3"
"511",0.999995928350168,4.01707794726345e-06,"3"
"512",0.999986833263117,1.30006702904732e-05,"3"
"513",0.999992065993448,7.83404900331394e-06,"3"
"514",0.999987096559288,1.27437825986637e-05,"3"
"515",0.999994324592013,5.60052582088099e-06,"3"
"516",0.999982477495007,1.72954967706379e-05,"3"
"517",0.999997234093661,2.73001317865611e-06,"3"
"518",0.99998257170884,1.72029221429712e-05,"3"
"519",0.999978310716023,2.14109334120182e-05,"3"
"520",0.999978989238245,2.07277755787486e-05,"3"
"521",0.999998037126634,1.93723921301487e-06,"3"
"522",0.999954700411519,4.46343871740914e-05,"3"
"523",0.999994839539861,5.09274627371233e-06,"3"
"524",0.999973677835173,2.59625134275134e-05,"3"
"525",0.999980908672728,1.88080755554509e-05,"3"
"526",0.999979417675477,2.03170322483156e-05,"3"
"527",0.999978824550021,2.09074893064981e-05,"3"
"528",0.999998524233883,1.45612707859006e-06,"3"
"529",0.99994713676676,5.21587620907699e-05,"3"
"530",0.999968632376816,3.09528870925084e-05,"3"
"531",0.999988462728437,1.13864530483575e-05,"3"
"532",0.999990356794211,9.51606700410138e-06,"3"
"533",0.999975393187552,2.42946065397952e-05,"3"
"534",0.999959711626803,3.97396614554897e-05,"3"
"535",0.999940962984938,5.83300844309336e-05,"3"
"536",0.999975539370284,2.41402916585744e-05,"3"
"537",0.999957071750368,4.23508749628012e-05,"3"
"538",0.999962825563184,3.6692070052063e-05,"3"
"539",0.999980696719167,1.90549716970532e-05,"3"
"540",0.999972538731176,2.71046698486728e-05,"3"
"541",0.999990087624637,9.78560862422961e-06,"3"
"542",0.999988264606882,1.15885185825643e-05,"3"
"543",0.999976657752619,2.30454050831499e-05,"3"
"544",0.999989131925229,1.07230586614415e-05,"3"
"545",0.999953179239309,4.61958025964783e-05,"3"
"546",0.999943923680098,5.52967059827695e-05,"3"
"547",0.999985835262831,1.3974273967806e-05,"3"
"548",0.999969281061635,3.03211837070543e-05,"3"
"549",0.999981082824843,1.86824188875736e-05,"3"
"550",0.99999106336737,8.82510496696382e-06,"3"
"551",0.999993817889191,6.09610611402493e-06,"3"
"552",0.999975256717746,2.44139523294722e-05,"3"
"553",0.999964786723774,3.47688299686017e-05,"3"
"554",0.999996894860723,3.06427817192569e-06,"3"
"555",0.99997508654011,2.46203434862696e-05,"3"
"556",0.999988581858011,1.12815220561648e-05,"3"
"557",0.999946216367645,5.3058929347016e-05,"3"
"558",0.999994496390593,5.43214730991314e-06,"3"
"559",0.999994584284251,5.34302141759447e-06,"3"
"560",0.999982009117744,1.77713516605107e-05,"3"
"561",0.999967967556042,3.16058182677621e-05,"3"
"562",0.999978102394435,2.16128610249004e-05,"3"
"563",0.999988051927253,1.17869934861839e-05,"3"
"564",0.999995733295845,4.20930647636008e-06,"3"
"565",0.999977385584205,2.23275942006061e-05,"3"
"566",0.999998474059765,1.50594190891734e-06,"3"
"567",0.999978513237972,2.12096363634437e-05,"3"
"568",0.999969507092346,3.01640481656369e-05,"3"
"569",0.999977396346928,2.2304354984748e-05,"3"
"570",0.999983348653315,1.64296012994727e-05,"3"
"571",0.999952087803161,4.72114890182698e-05,"3"
"572",0.999973281987324,2.6392513561656e-05,"3"
"573",0.999973092632345,2.65782254012357e-05,"3"
"574",0.999978369849988,2.13485254208724e-05,"3"
"575",0.999956286405177,4.3039827915829e-05,"3"
"576",0.999972128963713,2.75148826321899e-05,"3"
"577",0.99996523568378,3.429857907654e-05,"3"
"578",0.99999299344429,6.92057381819747e-06,"3"
"579",0.999969211627343,3.0379117483311e-05,"3"
"580",0.999989480549229,1.03834862902489e-05,"3"
"581",0.999998581017449,1.4004945401443e-06,"3"
"582",0.999984220988685,1.55613868481969e-05,"3"
"583",0.999976011571426,2.36919329129617e-05,"3"
"584",0.999991829637714,8.06891468793625e-06,"3"
"585",0.999998328895647,1.64943753208347e-06,"3"
"586",0.999983423219052,1.6352286409361e-05,"3"
"587",0.999988217024408,1.161862830309e-05,"3"
"588",0.999997424045363,2.5400517607823e-06,"3"
"589",0.999982749731727,1.70174025900839e-05,"3"
"590",0.999996067473726,3.87988136539686e-06,"3"
"591",0.999988531355309,1.13192470955954e-05,"3"
"592",0.999985729569711,1.40904240423696e-05,"3"
"593",0.99998198190189,1.77825193232677e-05,"3"
"594",0.999997043629465,2.91743018665803e-06,"3"
"595",0.99998175510726,1.80330204896699e-05,"3"
"596",0.999972119196396,2.75114499818177e-05,"3"
"597",0.999975183436299,2.44649374532068e-05,"3"
"598",0.999977945212865,2.17556515967712e-05,"3"
"599",0.999979863285505,1.98854957416165e-05,"3"
"600",0.999950861008437,4.84592168637743e-05,"3"
"601",0.999984713545331,1.50860807543136e-05,"3"
"602",0.999976733480145,2.29981457881345e-05,"3"
"603",0.999993155668737,6.74588128105566e-06,"3"
"604",0.999974659081839,2.49800505239683e-05,"3"
"605",0.999985265558031,1.45439552319599e-05,"3"
"606",0.999991763867107,8.12264333745268e-06,"3"
"607",0.999978315678249,2.13620477811367e-05,"3"
"608",0.999970190715691,2.93812234083351e-05,"3"
"609",0.99996952816438,3.00763555603062e-05,"3"
"610",0.999984900486896,1.49025638844976e-05,"3"
"611",0.999966664775796,3.28904392080792e-05,"3"
"612",0.99999580330682,4.14533626562089e-06,"3"
"613",0.999954592932719,4.47609896613764e-05,"3"
"614",0.999960796154902,3.8688073075527e-05,"3"
"615",0.999991028585636,8.84223403476146e-06,"3"
"616",0.99999027473897,9.59522090083613e-06,"3"
"617",0.999994303610766,5.62630328662903e-06,"3"
"618",0.999988667315975,1.11900308079307e-05,"3"
"619",0.999990724039465,9.15685944461965e-06,"3"
"620",0.999968931442361,3.06888009529691e-05,"3"
"621",0.999976995063787,2.27026750477591e-05,"3"
"622",0.999985192048034,1.46117799774063e-05,"3"
"623",0.999993429467318,6.48334707453832e-06,"3"
"624",0.999990443004955,9.42876474787158e-06,"3"
"625",0.999989023352386,1.08328662933128e-05,"3"
"626",0.999947333704347,5.19762063026878e-05,"3"
"627",0.999990811513511,9.07298929324972e-06,"3"
"628",0.99997455610657,2.51072560279985e-05,"3"
"629",0.999994167024462,5.75445314230513e-06,"3"
"630",0.999963723007198,3.58237735626366e-05,"3"
"631",0.999987137095046,1.26818151094512e-05,"3"
"632",0.99998420887072,1.55826080614547e-05,"3"
"633",0.999993252355793,6.65892896476806e-06,"3"
"634",0.999989815772132,1.00538440398877e-05,"3"
"635",0.999980397526608,1.93511345863817e-05,"3"
"636",0.999992019242281,7.87681771922373e-06,"3"
"637",0.999972232070614,2.74177905292815e-05,"3"
"638",0.999975617004357,2.40630620580384e-05,"3"
"639",0.999974800257809,2.48694911086687e-05,"3"
"640",0.999993035303615,6.87049936748988e-06,"3"
"641",0.999988056598154,1.17926411601916e-05,"3"
"642",0.999993047709172,6.86139283366732e-06,"3"
"643",0.999993227782046,6.68208747853637e-06,"3"
"644",0.999959589867493,3.98972630501125e-05,"3"
"645",0.999996480331699,3.47364689777569e-06,"3"
"646",0.999989329071162,1.05330314690383e-05,"3"
"647",0.999994004472303,5.91707149357179e-06,"3"
"648",0.999974228746526,2.54114800208978e-05,"3"
"649",0.999991700800703,8.19153476651431e-06,"3"
"650",0.999998497233635,1.48287510135658e-06,"3"
"651",0.99997685545586,2.28624310468517e-05,"3"
"652",0.999986148677194,1.36683229073153e-05,"3"
"653",0.999988837171984,1.10146057790474e-05,"3"
"654",0.999994832508427,5.09919206331938e-06,"3"
"655",0.999982774652376,1.70063008553607e-05,"3"
"656",0.999989404960914,1.04623474014626e-05,"3"
"657",0.999994336559005,5.58942404293874e-06,"3"
"658",0.999970312171995,2.92840889245371e-05,"3"
"659",0.999987967736486,1.18627221929243e-05,"3"
"660",0.999987214451669,1.2616862399008e-05,"3"
"661",0.999987894629104,1.19418340274705e-05,"3"
"662",0.99998673473083,1.30810812536567e-05,"3"
"663",0.999974856072813,2.48285567334963e-05,"3"
"664",0.999992366900387,7.52809927891744e-06,"3"
"665",0.999994551452524,5.37707781197049e-06,"3"
"666",0.999950890568855,4.8349265051178e-05,"3"
"667",0.99999635515641,3.59548710755626e-06,"3"
"668",0.99997435277738,2.53369663990834e-05,"3"
"669",0.999991076637927,8.81405623385636e-06,"3"
"670",0.999991755553924,8.13560148203902e-06,"3"
"671",0.999974565481537,2.51637089774829e-05,"3"
"672",0.999988702834914,1.11460488938939e-05,"3"
"673",0.999993869394118,6.05158694996904e-06,"3"
"674",0.999979793495491,1.99564152376044e-05,"3"
"675",0.999987442052414,1.23976188124749e-05,"3"
"676",0.999982076846304,1.76988023292745e-05,"3"
"677",0.999998167957054,1.8076907023399e-06,"3"
"678",0.999966249970709,3.33360171120046e-05,"3"
"679",0.999984599079394,1.51953757730741e-05,"3"
"680",0.999972053389163,2.75804763816336e-05,"3"
"681",0.999995749785885,4.19349028865474e-06,"3"
"682",0.999974654427299,2.5011980686695e-05,"3"
"683",0.99995992826572,3.96099917684389e-05,"3"
"684",0.999965661831565,3.38819526732129e-05,"3"
"685",0.999985399293912,1.44048060625297e-05,"3"
"686",0.999991849820294,8.0429975653752e-06,"3"
"687",0.999992681741398,7.22332886571849e-06,"3"
"688",0.999985977441614,1.38352071478281e-05,"3"
"689",0.999983941346524,1.5855680728004e-05,"3"
"690",0.99998639442226,1.34156299630768e-05,"3"
"691",0.999997912743905,2.05988766012225e-06,"3"
"692",0.999966269312197,3.32855002836098e-05,"3"
"693",0.999990048565816,9.81500134765709e-06,"3"
"694",0.999973498909501,2.61592872018889e-05,"3"
"695",0.999988783670447,1.10686805543204e-05,"3"
"696",0.999998760659352,1.22314802631397e-06,"3"
"697",0.999995993052693,3.95171022853976e-06,"3"
"698",0.99998884089214,1.1017697575986e-05,"3"
"699",0.999978438868328,2.1308575056329e-05,"3"
"700",0.999978156158505,2.15577679616637e-05,"3"
"701",0.999996820375662,3.13752187148843e-06,"3"
"702",0.999947792009633,5.15365444207178e-05,"3"
"703",0.999976510588102,2.31805829198046e-05,"3"
"704",0.999998339274118,1.63936266034612e-06,"3"
"705",0.999990648004795,9.2304064762389e-06,"3"
"706",0.99997184253142,2.77815842104746e-05,"3"
"707",0.999980794347203,1.89573823923549e-05,"3"
"708",0.999995737548023,4.20697918942106e-06,"3"
"709",0.999935555380203,6.3610512460468e-05,"3"
"710",0.99998296324376,1.68137185430521e-05,"3"
"711",0.99998512818881,1.46785460885242e-05,"3"
"712",0.999970724212547,2.88678648576507e-05,"3"
"713",0.99999532614829,4.61171803011311e-06,"3"
"714",0.999972327264578,2.72849170950569e-05,"3"
"715",0.999967298193397,3.2262816845087e-05,"3"
"716",0.999992441470199,7.46531282078975e-06,"3"
"717",0.999998955090881,1.0311798971937e-06,"3"
"718",0.999988206288971,1.16411275321273e-05,"3"
"719",0.999972747255736,2.68885552875509e-05,"3"
"720",0.999982865975639,1.68962524290084e-05,"3"
"721",0.999975172308965,2.44880491222314e-05,"3"
"722",0.999949251709682,5.00850995385707e-05,"3"
"723",0.999985200062134,1.46058422178187e-05,"3"
"724",0.999989974455218,9.88967224731455e-06,"3"
"725",0.999998858253058,1.12693518317814e-06,"3"
"726",0.999980921051958,1.88095394308152e-05,"3"
"727",0.999995736739994,4.20883642717462e-06,"3"
"728",0.999988151271264,1.16835896286744e-05,"3"
"729",0.999990130089542,9.7405971201444e-06,"3"
"730",0.999980538293902,1.92135353104138e-05,"3"
"731",0.99998427948567,1.5501224212019e-05,"3"
"732",0.999995101895898,4.83394558957021e-06,"3"
"733",0.999992226518684,7.66913638555279e-06,"3"
"734",0.999977026768151,2.27280170497539e-05,"3"
"735",0.999972873685564,2.68191856722529e-05,"3"
"736",0.99998840945499,1.14388773678875e-05,"3"
"737",0.999975277447377,2.43675034172399e-05,"3"
"738",0.999986479483493,1.33511679305587e-05,"3"
"739",0.999974055945966,2.56561458935571e-05,"3"
"740",0.999983844831364,1.5939731190356e-05,"3"
"741",0.999966879589318,3.26822472580141e-05,"3"
"742",0.999998991159605,9.95635005984619e-07,"3"
"743",0.999984071733871,1.57083120120537e-05,"3"
"744",0.999987971755047,1.18818921966695e-05,"3"
"745",0.999983823113924,1.59712007563107e-05,"3"
"746",0.999993376950842,6.53728690644051e-06,"3"
"747",0.999979263036757,2.04659714898931e-05,"3"
"748",0.999957436403879,4.19889865002887e-05,"3"
"749",0.999979639255669,2.0087536496896e-05,"3"
"750",0.999990539195466,9.33794289561668e-06,"3"
"751",0.999979185578435,2.05409777137904e-05,"3"
"752",0.999995411271696,4.52867362642285e-06,"3"
"753",0.999979094160639,2.06168162137897e-05,"3"
"754",0.99999424870856,5.67319914170272e-06,"3"
"755",0.999986892529838,1.29506447287891e-05,"3"
"756",0.999983320903807,1.64753575673059e-05,"3"
"757",0.999996073391707,3.87442636480945e-06,"3"
"758",0.999990167541666,9.70500238641768e-06,"3"
"759",0.99998200282941,1.77581237594484e-05,"3"
"760",0.999989746892208,1.01168037803917e-05,"3"
"761",0.999994212310429,5.71253383373489e-06,"3"
"762",0.999981950295567,1.78246825930287e-05,"3"
"763",0.999991481905115,8.40582901054699e-06,"3"
"764",0.999990180519579,9.68379303339445e-06,"3"
"765",0.999945836224122,5.34306782514351e-05,"3"
"766",0.999966415457886,3.31510339898596e-05,"3"
"767",0.999927023213785,7.1994526207347e-05,"3"
"768",0.999989212523567,1.06427562181895e-05,"3"
"769",0.999983257388773,1.65118382961176e-05,"3"
"770",0.999997303278227,2.66131138078808e-06,"3"
"771",0.9999493538562,4.99774217925114e-05,"3"
"772",0.999967785692911,3.17924245305948e-05,"3"
"773",0.999995302995749,4.63541089399621e-06,"3"
"774",0.999974320993539,2.53429949007862e-05,"3"
"775",0.999970843075426,2.87738293133423e-05,"3"
"776",0.999997556692601,2.41111674530619e-06,"3"
"777",0.999957414418665,4.19773065370776e-05,"3"
"778",0.999990823736337,9.05620788671022e-06,"3"
"779",0.999998811993748,1.1722768391504e-06,"3"
"780",0.999994778680827,5.15110926181997e-06,"3"
"781",0.99998478762574,1.50200662223089e-05,"3"
"782",0.999979342695456,2.03976083837312e-05,"3"
"783",0.999994439729108,5.48429792208188e-06,"3"
"784",0.999977700956617,2.20035484877897e-05,"3"
"785",0.999988015043694,1.18270394193086e-05,"3"
"786",0.999980748200841,1.8987394103134e-05,"3"
"787",0.999968505178754,3.10777024863746e-05,"3"
"788",0.999975279343004,2.43831004375418e-05,"3"
"789",0.999994298314896,5.62422003868932e-06,"3"
"790",0.99993476290861,6.44032280271156e-05,"3"
"791",0.999982537099277,1.72297141986784e-05,"3"
"792",0.999995729298175,4.21522563195601e-06,"3"
"793",0.999969146211485,3.04361825345979e-05,"3"
"794",0.999977099375056,2.26005379575109e-05,"3"
"795",0.999985439557318,1.43722991571732e-05,"3"
"796",0.99998883415626,1.10223897217178e-05,"3"
"797",0.999994486072211,5.43949169416857e-06,"3"
"798",0.99999298205915,6.91957904438852e-06,"3"
"799",0.999980313632872,1.94356474830984e-05,"3"
"800",0.999983439755686,1.63569239211819e-05,"3"
"801",0.999985593556399,1.4213088618927e-05,"3"
"802",0.999991679117331,8.20909720143729e-06,"3"
"803",0.999989916093091,9.95360008658121e-06,"3"
"804",0.999951864494177,4.75064982495534e-05,"3"
"805",0.999992586994196,7.31929285646099e-06,"3"
"806",0.999988537917867,1.13128298972501e-05,"3"
"807",0.999987444362653,1.23988236798337e-05,"3"
"808",0.999981055409417,1.86569878273969e-05,"3"
"809",0.999989349447451,1.05147715522142e-05,"3"
"810",0.999989872305488,1.00032231855303e-05,"3"
"811",0.999899489297506,9.91574456803983e-05,"3"
"812",0.9999802524726,1.94719959842969e-05,"3"
"813",0.999995673286606,4.27368473560986e-06,"3"
"814",0.999996088568023,3.85791136364015e-06,"3"
"815",0.999994309488162,5.61627591151927e-06,"3"
"816",0.999988619892759,1.12324635458182e-05,"3"
"817",0.999997182886954,2.78069589867223e-06,"3"
"818",0.999951417059628,4.80776638865622e-05,"3"
"819",0.999988608288543,1.12278586202183e-05,"3"
"820",0.9999877871565,1.20520090972845e-05,"3"
"821",0.999985120926081,1.4684670560849e-05,"3"
"822",0.999986531427659,1.32947764629625e-05,"3"
"823",0.999982183830194,1.75959627961483e-05,"3"
"824",0.999990439842403,9.44072764315645e-06,"3"
"825",0.99998012123596,1.96311924403063e-05,"3"
"826",0.999971147636796,2.84512536195314e-05,"3"
"827",0.999977239734352,2.24562186170404e-05,"3"
"828",0.999977976057806,2.17497081247506e-05,"3"
"829",0.999993737384919,6.17825523064063e-06,"3"
"830",0.99997871884152,2.0989249054056e-05,"3"
"831",0.999986025630044,1.37969259507687e-05,"3"
"832",0.999990038284801,9.82889649369425e-06,"3"
"833",0.999987604288884,1.22275290254848e-05,"3"
"834",0.999988833232332,1.10158175418767e-05,"3"
"835",0.999993204864851,6.70081148483092e-06,"3"
"836",0.999982374907216,1.74050582853377e-05,"3"
"837",0.999985621936778,1.41711182026526e-05,"3"
"838",0.999961381561992,3.80867869743098e-05,"3"
"839",0.999977617680533,2.2089102688364e-05,"3"
"840",0.999968408887176,3.11489166627473e-05,"3"
"841",0.999995279650642,4.65741028195549e-06,"3"
"842",0.999995101967048,4.83582372384978e-06,"3"
"843",0.999991622166169,8.27423451628145e-06,"3"
"844",0.999992079408513,7.81418881941e-06,"3"
"845",0.999984005629105,1.57948878087289e-05,"3"
"846",0.999983298290628,1.64770748229635e-05,"3"
"847",0.999978855155374,2.08529828989448e-05,"3"
"848",0.999993660264307,6.2593644674823e-06,"3"
"849",0.999991287026906,8.59516894207994e-06,"3"
"850",0.999999234251906,7.55431179570309e-07,"3"
"851",0.999990996101749,8.88038792078325e-06,"3"
"852",0.999981094046011,1.86360823744097e-05,"3"
"853",0.99998438289506,1.54023729908658e-05,"3"
"854",0.999980614327046,1.9144553064131e-05,"3"
"855",0.999990513197688,9.35593567273697e-06,"3"
"856",0.999991046426857,8.8482155516925e-06,"3"
"857",0.99999481601569,5.11831528164836e-06,"3"
"858",0.999994376091572,5.54677144695245e-06,"3"
"859",0.999982954168679,1.6832477537898e-05,"3"
"860",0.999961558742894,3.79585505951658e-05,"3"
"861",0.999956433804015,4.30801034772916e-05,"3"
"862",0.999979741942578,2.00049306664443e-05,"3"
"863",0.999984469190321,1.53307984199131e-05,"3"
"864",0.999968404608494,3.11942286700549e-05,"3"
"865",0.999996924378986,3.03446395294778e-06,"3"
"866",0.999986787798596,1.30468094281343e-05,"3"
"867",0.99998285862274,1.69249648058518e-05,"3"
"868",0.999985453098243,1.43648473773466e-05,"3"
"869",0.999985451425254,1.43626714418058e-05,"3"
"870",0.999979411647616,2.03153488116801e-05,"3"
"871",0.99999198248565,7.91469657833951e-06,"3"
"872",0.999984854584125,1.49526848580439e-05,"3"
"873",0.999996056589151,3.89070770390013e-06,"3"
"874",0.9999448877237,5.44025298482246e-05,"3"
"875",0.999990757207637,9.12429304503282e-06,"3"
"876",0.999981801238058,1.79547488706414e-05,"3"
"877",0.999987153675447,1.26836881062578e-05,"3"
"878",0.999996431063769,3.52278162328302e-06,"3"
"879",0.999991485993137,8.40705362010342e-06,"3"
"880",0.999988042657645,1.17888382717263e-05,"3"
"881",0.999991863234594,8.02974224182537e-06,"3"
"882",0.999991058136696,8.82424897478358e-06,"3"
"883",0.999974774418209,2.49449389954763e-05,"3"
"884",0.99997873138325,2.09858579361464e-05,"3"
"885",0.99997837135018,2.13635144998638e-05,"3"
"886",0.999982121383851,1.76427892303787e-05,"3"
"887",0.999986473816487,1.33582477383287e-05,"3"
"888",0.999966345176869,3.32499378757957e-05,"3"
"889",0.99999679468704,3.16232781919184e-06,"3"
"890",0.999983681316138,1.6102423967365e-05,"3"
"891",0.999985578507017,1.42433235406317e-05,"3"
"892",0.99999360269731,6.31615864913547e-06,"3"
"893",0.999969574840361,3.00055049165738e-05,"3"
"894",0.999993879703123,6.04227493932436e-06,"3"
"895",0.99997933395876,2.03768770924189e-05,"3"
"896",0.999965222274184,3.43203370261313e-05,"3"
"897",0.999973362987296,2.62937368683261e-05,"3"
"898",0.999966146655364,3.342477500245e-05,"3"
"899",0.999998349486327,1.62887237935717e-06,"3"
"900",0.999985170187816,1.46262884075385e-05,"3"
"901",0.999983611779484,1.61677069591035e-05,"3"
"902",0.999979529209338,2.02008342412309e-05,"3"
"903",0.999997286318409,2.67782401525172e-06,"3"
"904",0.999994193717742,5.73212099810192e-06,"3"
"905",0.999862896195853,0.000135242371791937,"3"
"906",0.999987288414455,1.25470557921734e-05,"3"
"907",0.999980301354129,1.94459045852092e-05,"3"
"908",0.999988164498842,1.16739002142844e-05,"3"
"909",0.999990690035149,9.17614714672473e-06,"3"
"910",0.999986446134009,1.33853319571093e-05,"3"
"911",0.999994767400992,5.16449979987902e-06,"3"
"912",0.999996099368075,3.84919657939369e-06,"3"
"913",0.999996001871323,3.94394065044888e-06,"3"
"914",0.999972725651848,2.69126212507435e-05,"3"
"915",0.999979089743644,2.06471021695274e-05,"3"
"916",0.99998261535372,1.71687393101211e-05,"3"
"917",0.999993590785266,6.3251940154516e-06,"3"
"918",0.999990807662638,9.07140624073996e-06,"3"
"919",0.999985573233297,1.42332750496384e-05,"3"
"920",0.999993493439999,6.41905796803772e-06,"3"
"921",0.99999434805451,5.5783561945536e-06,"3"
"922",0.999997909391993,2.06286643780663e-06,"3"
"923",0.999990409165596,9.46497339533066e-06,"3"
"924",0.999998117287069,1.85823953517953e-06,"3"
"925",0.999987707946684,1.21243307879918e-05,"3"
"926",0.999982413492123,1.73558240828692e-05,"3"
"927",0.9999852177779,1.45928636474278e-05,"3"
"928",0.999984961350997,1.48475084785807e-05,"3"
"929",0.999979951347419,1.97729770733314e-05,"3"
"930",0.999993380470669,6.5406853564829e-06,"3"
"931",0.999990896968178,8.98614195009114e-06,"3"
"932",0.99997633576157,2.33527407772185e-05,"3"
"933",0.999997858208004,2.11417564375333e-06,"3"
"934",0.999976373017816,2.33108721716847e-05,"3"
"935",0.999995003053456,4.92936305342592e-06,"3"
"936",0.999987321900129,1.25047403379787e-05,"3"
"937",0.999949466170261,4.98373150358345e-05,"3"
"938",0.999992464494459,7.43849688744588e-06,"3"
"939",0.999994490708473,5.43857529648223e-06,"3"
"940",0.99998764716089,1.21925050832812e-05,"3"
"941",0.999964754222606,3.47991380948032e-05,"3"
"942",0.999979076904472,2.06542625779913e-05,"3"
"943",0.999995533018393,4.40662272201569e-06,"3"
"944",0.999977186127104,2.2490614432899e-05,"3"
"945",0.999922738020745,7.6294065284925e-05,"3"
"946",0.999987625089559,1.22159081909981e-05,"3"
"947",0.99997151209945,2.81127380563651e-05,"3"
"948",0.999997374907286,2.58965269015408e-06,"3"
"949",0.99996985312881,2.982899286043e-05,"3"
"950",0.999985116501427,1.46852722229967e-05,"3"
"951",0.999977078545069,2.26181264565196e-05,"3"
"952",0.999989611430618,1.02551933133324e-05,"3"
"953",0.999959806361116,3.96813317713952e-05,"3"
"954",0.999988543227134,1.12977150914e-05,"3"
"955",0.99995574649838,4.36663744982075e-05,"3"
"956",0.999972612114831,2.70250881834071e-05,"3"
"957",0.999992112776654,7.77934561066718e-06,"3"
"958",0.999996544354363,3.40994245556924e-06,"3"
"959",0.999995631582599,4.3116164092524e-06,"3"
"960",0.999976464649275,2.32473011558632e-05,"3"
"961",0.999988600574273,1.12491652094062e-05,"3"
"962",0.999967309540519,3.22804995948619e-05,"3"
"963",0.999998430387802,1.54877549345068e-06,"3"
"964",0.999972252882207,2.73830822317267e-05,"3"
"965",0.999992798013703,7.10607931547726e-06,"3"
"966",0.999996458984468,3.49467153355085e-06,"3"
"967",0.999980708656065,1.90392759631912e-05,"3"
"968",0.999992689339089,7.22200988486559e-06,"3"
"969",0.999992028171241,7.8622781503431e-06,"3"
"970",0.999961010326434,3.84090412651071e-05,"3"
"971",0.999983414967053,1.63605366439483e-05,"3"
"972",0.999903052455517,9.56749529772455e-05,"3"
"973",0.999986624914475,1.31999942911381e-05,"3"
"974",0.999939450946467,5.97638876611872e-05,"3"
"975",0.999986157988846,1.36545451759153e-05,"3"
"976",0.999964385945673,3.51339533838207e-05,"3"
"977",0.999977954648979,2.17449857925523e-05,"3"
"978",0.99997474641128,2.49320706380882e-05,"3"
"979",0.999995440094766,4.49988814374109e-06,"3"
"980",0.999983201166163,1.65838136853299e-05,"3"
"981",0.999957489315966,4.19528737751667e-05,"3"
"982",0.999989152485973,1.06999061205506e-05,"3"
"983",0.999998909258518,1.07588996927323e-06,"3"
"984",0.999986728998323,1.31001521852891e-05,"3"
"985",0.999992656213265,7.24789544145498e-06,"3"
"986",0.999997312140609,2.65149824969882e-06,"3"
"987",0.999968452628686,3.11317295803834e-05,"3"
"988",0.99999049379783,9.38200876150249e-06,"3"
"989",0.999995989426054,3.95773542882024e-06,"3"
"990",0.999974880989172,2.47810722974645e-05,"3"
"991",0.999985432966262,1.43662259642632e-05,"3"
"992",0.999972208259605,2.74120489371441e-05,"3"
"993",0.999990749355371,9.12072167878561e-06,"3"
"994",0.999984947173736,1.48532833373627e-05,"3"
"995",0.99998040377544,1.93538049501072e-05,"3"
"996",0.999995080849571,4.85320000279887e-06,"3"
"997",0.999981435543471,1.83202232190496e-05,"3"
"998",0.999984814226629,1.49958997580518e-05,"3"
"999",0.999986322559424,1.34988592806423e-05,"3"
"1000",0.999976030318665,2.3641683461908e-05,"3"
"1001",0.999978763588847,2.10097603292837e-05,"3"
"1002",0.999986121274671,1.3699645039826e-05,"3"
"1003",0.999991626489427,8.25725866651836e-06,"3"
"1004",0.999984228938276,1.55820426943731e-05,"3"
"1005",0.999971197960777,2.84389070139821e-05,"3"
"1006",0.999994083296265,5.83674838926493e-06,"3"
"1007",0.999984895278648,1.49188975805808e-05,"3"
"1008",0.999962992948099,3.6505190673765e-05,"3"
"1009",0.999983508161842,1.6272153101266e-05,"3"
"1010",0.999997374366504,2.5911141205572e-06,"3"
"1011",0.999984670238114,1.51211152349339e-05,"3"
"1012",0.999988854931068,1.10055176585528e-05,"3"
"1013",0.999976887014247,2.281440710006e-05,"3"
"1014",0.999973683546609,2.59303721980158e-05,"3"
"1015",0.999993383079231,6.5301985012705e-06,"3"
"1016",0.999969827036376,2.97596755906645e-05,"3"
"1017",0.999959160667441,4.02894657713182e-05,"3"
"1018",0.999987046516008,1.27834832035402e-05,"3"
"1019",0.99996342552517,3.60790511674953e-05,"3"
"1020",0.9999880289091,1.18091698729281e-05,"3"
"1021",0.999996994412611,2.96714939309547e-06,"3"
"1022",0.999984813259616,1.49682744489822e-05,"3"
"1023",0.999990994825308,8.88095033614131e-06,"3"
"1024",0.999944304245995,5.49668132088545e-05,"3"
"1025",0.999980883013334,1.8860524417041e-05,"3"
"1026",0.999976909491039,2.27837944949853e-05,"3"
"1027",0.999967961029671,3.16009930961347e-05,"3"
"1028",0.999977178887817,2.250998327669e-05,"3"
"1029",0.999983198015213,1.65818707863285e-05,"3"
"1030",0.999998676494824,1.3060920651922e-06,"3"
"1031",0.999993494753612,6.42041580247372e-06,"3"
"1032",0.999984671417335,1.5133275387137e-05,"3"
"1033",0.999980852666313,1.89120645693481e-05,"3"
"1034",0.999979035109417,2.06969128950881e-05,"3"
"1035",0.999982528758537,1.72367876089731e-05,"3"
"1036",0.999972765076615,2.68700885450287e-05,"3"
"1037",0.999993140964229,6.76896158594875e-06,"3"
"1038",0.999992026046254,7.8687285971767e-06,"3"
"1039",0.999976939739643,2.27780330903368e-05,"3"
"1040",0.999987981634388,1.18679262144824e-05,"3"
"1041",0.999956722981706,4.27296463247049e-05,"3"
"1042",0.999985320463488,1.4482491530945e-05,"3"
"1043",0.999992997015481,6.90999060486987e-06,"3"
"1044",0.999993226586435,6.68517781925774e-06,"3"
"1045",0.999991740436104,8.15203146994404e-06,"3"
"1046",0.999987949969135,1.18843893707167e-05,"3"
"1047",0.999981436387538,1.83064383870591e-05,"3"
"1048",0.999977713848919,2.19910098870779e-05,"3"
"1049",0.999981163171891,1.85876251317848e-05,"3"
"1050",0.999997335858155,2.62932445510046e-06,"3"
"1051",0.99998461924512,1.51997892146048e-05,"3"
"1052",0.999969373581817,3.02091128992986e-05,"3"
"1053",0.999985345404507,1.44687979281318e-05,"3"
"1054",0.999995472948681,4.46881743874701e-06,"3"
"1055",0.999989219902413,1.06332853682475e-05,"3"
"1056",0.999974334159036,2.52985519797807e-05,"3"
"1057",0.999997659182815,2.31012951589025e-06,"3"
"1058",0.999976120887496,2.35566022215273e-05,"3"
"1059",0.999998629278097,1.35302555905194e-06,"3"
"1060",0.999998278159035,1.69881188197323e-06,"3"
"1061",0.999992922723566,6.98175789815652e-06,"3"
"1062",0.99999926802893,7.22357529069438e-07,"3"
"1063",0.999972950824489,2.66985926968576e-05,"3"
"1064",0.99998844496807,1.14199246723018e-05,"3"
"1065",0.99995468572077,4.48115214545114e-05,"3"
"1066",0.999983571244735,1.62198969227729e-05,"3"
"1067",0.999980746725659,1.89649163933366e-05,"3"
"1068",0.999993104095356,6.81118021705283e-06,"3"
"1069",0.999989155182991,1.0687441068735e-05,"3"
"1070",0.999996879201434,3.08040167168074e-06,"3"
"1071",0.999971872231142,2.78151023013152e-05,"3"
"1072",0.999987724571907,1.21145096149871e-05,"3"
"1073",0.999993740379713,6.17754562782418e-06,"3"
"1074",0.999961772295232,3.76324775235044e-05,"3"
"1075",0.999983950611985,1.58501443442727e-05,"3"
"1076",0.999970104764142,2.95024637396231e-05,"3"
"1077",0.999993369078722,6.54261950449549e-06,"3"
"1078",0.999977681454249,2.20258149298033e-05,"3"
"1079",0.999986765558535,1.30638070510996e-05,"3"
"1080",0.999969191195686,3.04177023783924e-05,"3"
"1081",0.999981047009534,1.87055215606226e-05,"3"
"1082",0.999992327984113,7.56777332987085e-06,"3"
"1083",0.999992592283899,7.30618928436874e-06,"3"
"1084",0.999979193013536,2.05166211795742e-05,"3"
"1085",0.99999271152062,7.19384344859299e-06,"3"
"1086",0.999975884861796,2.37954562359964e-05,"3"
"1087",0.999973426111752,2.62239440905733e-05,"3"
"1088",0.999991374446953,8.51358535453252e-06,"3"
"1089",0.999976823986924,2.28288298878301e-05,"3"
"1090",0.999989671849191,1.01924794019449e-05,"3"
"1091",0.999984269305094,1.54995033868032e-05,"3"
"1092",0.999990940938288,8.93766918745918e-06,"3"
"1093",0.999950952377692,4.83910444000251e-05,"3"
"1094",0.999971526046376,2.80971122820384e-05,"3"
"1095",0.999967666593116,3.1904919789303e-05,"3"
"1096",0.999986711578904,1.31212186637374e-05,"3"
"1097",0.999976440756036,2.32465471788119e-05,"3"
"1098",0.999992159488219,7.73517166624149e-06,"3"
"1099",0.99997902826356,2.06843914804552e-05,"3"
"1100",0.999929287393597,6.97060665173164e-05,"3"
"1101",0.999978923848517,2.07695780543473e-05,"3"
"1102",0.999993287007145,6.63236978331143e-06,"3"
"1103",0.999956293412446,4.31989348898663e-05,"3"
"1104",0.999994771571693,5.15779108232666e-06,"3"
"1105",0.999983568066655,1.62146975525518e-05,"3"
"1106",0.999993230308723,6.67924676774161e-06,"3"
"1107",0.99999374410227,6.17467841812274e-06,"3"
"1108",0.999948963319888,5.034805875163e-05,"3"
"1109",0.999996948797545,3.01045405400483e-06,"3"
"1110",0.999993055836282,6.85681393152603e-06,"3"
"1111",0.999996007640656,3.9386085677658e-06,"3"
"1112",0.999977110311698,2.25834789736296e-05,"3"
"1113",0.999990949180929,8.92745562457072e-06,"3"
"1114",0.999986172279288,1.36436790629686e-05,"3"
"1115",0.999988248537869,1.16001885914889e-05,"3"
"1116",0.999978364740194,2.13669659718424e-05,"3"
"1117",0.999929358441933,6.96849218636097e-05,"3"
"1118",0.999984260055646,1.55329869883448e-05,"3"
"1119",0.999927338469339,7.18373001536013e-05,"3"
"1120",0.999973034942275,2.66489118517908e-05,"3"
"1121",0.999956169154649,4.3354590410212e-05,"3"
"1122",0.999995349881449,4.58947494689471e-06,"3"
"1123",0.999989154125624,1.07041914816247e-05,"3"
"1124",0.999988462427403,1.13821287145461e-05,"3"
"1125",0.999981429949465,1.83014873154816e-05,"3"
"1126",0.999980315235878,1.94315505528053e-05,"3"
"1127",0.999976741003463,2.29317035388299e-05,"3"
"1128",0.999964477550315,3.50730285804483e-05,"3"
"1129",0.999995809997121,4.13327811943986e-06,"3"
"1130",0.999977145218178,2.25311356528388e-05,"3"
"1131",0.999950961741194,4.83345557912324e-05,"3"
"1132",0.999990871765723,9.010954347533e-06,"3"
"1133",0.999995526325828,4.41626443478946e-06,"3"
"1134",0.999985095883157,1.4707851706516e-05,"3"
"1135",0.999977706521924,2.20210994237316e-05,"3"
"1136",0.999964215048112,3.52784880496168e-05,"3"
"1137",0.999995333106042,4.60240364666427e-06,"3"
"1138",0.99997409074061,2.55801170451166e-05,"3"
"1139",0.999983279027347,1.65049356878282e-05,"3"
"1140",0.999949412116073,4.99620599143613e-05,"3"
"1141",0.999968582039447,3.09608613562447e-05,"3"
"1142",0.999979038006846,2.06660376359473e-05,"3"
"1143",0.99998974093174,1.01272684124367e-05,"3"
"1144",0.999991248954778,8.63849451454718e-06,"3"
"1145",0.999982267962841,1.74994981510206e-05,"3"
"1146",0.999997871747082,2.10064970743776e-06,"3"
"1147",0.999989711963369,1.01609048848136e-05,"3"
"1148",0.999984214866141,1.55721145572573e-05,"3"
"1149",0.999969291385583,3.02871420551099e-05,"3"
"1150",0.999895671672222,0.000102825167224144,"3"
"1151",0.999987946114333,1.18911041536612e-05,"3"
"1152",0.999997425292128,2.54125567742691e-06,"3"
"1153",0.999987667482455,1.21705754047585e-05,"3"
"1154",0.999996246992809,3.70734045496343e-06,"3"
"1155",0.999940354492677,5.88718140399293e-05,"3"
"1156",0.99998010890004,1.9626554291495e-05,"3"
"1157",0.999986828148096,1.29982623122259e-05,"3"
"1158",0.999994649655023,5.28071191220018e-06,"3"
"1159",0.99997752125689,2.22021251661797e-05,"3"
"1160",0.999993390985589,6.52077805442349e-06,"3"
"1161",0.999989598073644,1.02633331027496e-05,"3"
"1162",0.999977501523334,2.21935947180856e-05,"3"
"1163",0.999997671023147,2.2985553016892e-06,"3"
"1164",0.999972496503717,2.71415496495197e-05,"3"
"1165",0.999989750223123,1.01135207275762e-05,"3"
"1166",0.99998315788129,1.66200867350941e-05,"3"
"1167",0.999991336527374,8.54458779909814e-06,"3"
"1168",0.999986941933057,1.28794634416947e-05,"3"
"1169",0.999991370279792,8.50720069265958e-06,"3"
"1170",0.999979503902388,2.02316770821063e-05,"3"
"1171",0.999951339310577,4.7974145162405e-05,"3"
"1172",0.999987109512729,1.27180478638026e-05,"3"
"1173",0.999968785879246,3.08037745647567e-05,"3"
"1174",0.999991347169442,8.54272096402984e-06,"3"
"1175",0.999991090665385,8.79540953631794e-06,"3"
"1176",0.999973257387067,2.63632175878269e-05,"3"
"1177",0.999986105597704,1.37060194326056e-05,"3"
"1178",0.999969446555255,3.01579290091639e-05,"3"
"1179",0.999995943342728,4.0060087050527e-06,"3"
"1180",0.99998500796596,1.47969961745534e-05,"3"
"1181",0.99998566598017,1.41430972770564e-05,"3"
"1182",0.999930641681097,6.84979285532548e-05,"3"
"1183",0.999996920490013,3.03912718958003e-06,"3"
"1184",0.99997962981553,2.01254048656163e-05,"3"
"1185",0.999986460707291,1.33536547770026e-05,"3"
"1186",0.999917478160931,8.16042719489807e-05,"3"
"1187",0.999970788850043,2.8848482661049e-05,"3"
"1188",0.999992224823912,7.67152815353352e-06,"3"
"1189",0.999950207588888,4.8990222622334e-05,"3"
"1190",0.999983100374953,1.66860432796132e-05,"3"
"1191",0.999990636249032,9.23919381755717e-06,"3"
"1192",0.999992811274723,7.09446963614573e-06,"3"
"1193",0.999984059531683,1.57306090396281e-05,"3"
"1194",0.99996793442648,3.16985438316323e-05,"3"
"1195",0.999984964240765,1.48286368163175e-05,"3"
"1196",0.999985116735928,1.46816114966093e-05,"3"
"1197",0.999994284417612,5.63747677688064e-06,"3"
"1198",0.999940505749156,5.86993208039099e-05,"3"
"1199",0.999984486795886,1.53151062944487e-05,"3"
"1200",0.999986178604973,1.36316836708313e-05,"3"
"1201",0.999983202171094,1.65763847258207e-05,"3"
"1202",0.999976917223533,2.27727249397474e-05,"3"
"1203",0.999986629384159,1.32158081682961e-05,"3"
"1204",0.9999871337297,1.27007131849261e-05,"3"
"1205",0.9999734015933,2.62641745948516e-05,"3"
"1206",0.999993581866365,6.3341365177298e-06,"3"
"1207",0.999990180012288,9.69428142420773e-06,"3"
"1208",0.999972382472226,2.72475004822315e-05,"3"
"1209",0.999983692626451,1.60878453155661e-05,"3"
"1210",0.999973407187998,2.62380186717189e-05,"3"
"1211",0.999993820182289,6.09381959336469e-06,"3"
"1212",0.999969015880396,3.05764869237949e-05,"3"
"1213",0.999995747763627,4.19629363918642e-06,"3"
"1214",0.999987638142784,1.22027631950129e-05,"3"
"1215",0.999988745059394,1.11013619171701e-05,"3"
"1216",0.999995488736289,4.45007931297602e-06,"3"
"1217",0.999982983747683,1.67780059116949e-05,"3"
"1218",0.999993689440492,6.22451003459249e-06,"3"
"1219",0.999981043621739,1.87052641024267e-05,"3"
"1220",0.99999270550964,7.19745546529e-06,"3"
"1221",0.999940120497406,5.90910962148623e-05,"3"
"1222",0.999994795739331,5.1345817326305e-06,"3"
"1223",0.999993177027841,6.73165750823565e-06,"3"
"1224",0.999972978123648,2.66746881051209e-05,"3"
"1225",0.999982572716886,1.71741366941909e-05,"3"
"1226",0.999992604258916,7.3016935621656e-06,"3"
"1227",0.999975210936008,2.44392243769051e-05,"3"
"1228",0.999980041584771,1.96825174811282e-05,"3"
"1229",0.999999363143614,6.28525849054402e-07,"3"
"1230",0.999968278037315,3.1220489994918e-05,"3"
"1231",0.999994602150941,5.32721761332378e-06,"3"
"1232",0.999976721846878,2.29554207829442e-05,"3"
"1233",0.999944530228795,5.47513197242038e-05,"3"
"1234",0.999994272320598,5.65140823014446e-06,"3"
"1235",0.999939277139478,5.99822832705212e-05,"3"
"1236",0.999992781433238,7.13137972868074e-06,"3"
"1237",0.999969928667811,2.9658607097333e-05,"3"
"1238",0.999988064411052,1.17715483840738e-05,"3"
"1239",0.999968359803444,3.12506717190003e-05,"3"
"1240",0.999994791835079,5.14168611911783e-06,"3"
"1241",0.999987873931613,1.19800978768791e-05,"3"
"1242",0.999996561294243,3.39223829453864e-06,"3"
"1243",0.999977995046944,2.16998543500032e-05,"3"
"1244",0.999979960766838,1.97823005972224e-05,"3"
"1245",0.999967488636353,3.20904107148386e-05,"3"
"1246",0.999994283905289,5.638891181894e-06,"3"
"1247",0.999988027445442,1.18123672066822e-05,"3"
"1248",0.999994995681721,4.93915608251379e-06,"3"
"1249",0.999991970437661,7.92769872731684e-06,"3"
"1250",0.999881916197154,0.000116596668776827,"3"
"1251",0.999989590347752,1.02794034961794e-05,"3"
"1252",0.999960080529247,3.93117222290872e-05,"3"
"1253",0.999989064481798,1.07932216659744e-05,"3"
"1254",0.99998036691377,1.93570406808897e-05,"3"
"1255",0.99996032244777,3.91490472089186e-05,"3"
"1256",0.99998889894947,1.09476582220733e-05,"3"
"1257",0.999982135940342,1.76433618202374e-05,"3"
"1258",0.999990650032991,9.22938592272734e-06,"3"
"1259",0.999967976367289,3.16124799810452e-05,"3"
"1260",0.999986909721664,1.29231620832305e-05,"3"
"1261",0.99999305095624,6.86404334071391e-06,"3"
"1262",0.999977611208111,2.20933478467759e-05,"3"
"1263",0.999920446545029,7.85209572164418e-05,"3"
"1264",0.999998167549238,1.80830441117336e-06,"3"
"1265",0.999993466676163,6.44511518857073e-06,"3"
"1266",0.99998152311676,1.82329367476893e-05,"3"
"1267",0.999988897048689,1.09550802614954e-05,"3"
"1268",0.999987916684882,1.19161297910977e-05,"3"
"1269",0.999984019288313,1.57696398581125e-05,"3"
"1270",0.99999704957415,2.91088720284159e-06,"3"
