"","H","C","Tau","D"
"1",0.999971886870843,2.77721258148446e-05,1,3
"2",0.999962083094607,3.74175994603418e-05,1,3
"3",0.999985095609943,1.46989957253333e-05,1,3
"4",0.999981092005019,1.86654972547473e-05,1,3
"5",0.999998304882124,1.67308639080445e-06,1,3
"6",0.999997105535891,2.8561976866721e-06,1,3
"7",0.999990165418013,9.7220464497261e-06,1,3
"8",0.99997291009492,2.67618988788531e-05,1,3
"9",0.999996603977598,3.3487879836448e-06,1,3
"10",0.999983356676624,1.6394677797782e-05,1,3
"11",0.99998855959779,1.12866931063171e-05,1,3
"12",0.999993257596977,6.6538172339387e-06,1,3
"13",0.99998194339351,1.77946041683547e-05,1,3
"14",0.999990821160411,9.04814328927534e-06,1,3
"15",0.999976260576005,2.34290268565112e-05,1,3
"16",0.999994439510409,5.4892460266987e-06,1,3
"17",0.999970605436641,2.89605306029061e-05,1,3
"18",0.999990567948763,9.30528703828816e-06,1,3
"19",0.999993660965089,6.25700239340422e-06,1,3
"20",0.999941360926872,5.7887124301274e-05,1,3
"21",0.999967578811831,3.1926309119394e-05,1,3
"22",0.999989126389038,1.07352282791261e-05,1,3
"23",0.999997303032285,2.66233728043261e-06,1,3
"24",0.999989205007981,1.06512290300601e-05,1,3
"25",0.999937405861972,6.17561434487182e-05,1,3
"26",0.999990576503444,9.29925276313869e-06,1,3
"27",0.999995003673955,4.9284453529337e-06,1,3
"28",0.999990543413639,9.34361298442411e-06,1,3
"29",0.999980834745633,1.88962904460825e-05,1,3
"30",0.999980116049022,1.96435582560308e-05,1,3
"31",0.999989244347172,1.06174617628608e-05,1,3
"32",0.999993987168162,5.93541591732489e-06,1,3
"33",0.999986079973978,1.37363205976904e-05,1,3
"34",0.999986018337536,1.38090406477832e-05,1,3
"35",0.9999845449215,1.52491029287219e-05,1,3
"36",0.999982564239597,1.72173210840089e-05,1,3
"37",0.99999594705859,4.00128273613931e-06,1,3
"38",0.999996249850031,3.69849063860424e-06,1,3
"39",0.999983885229053,1.59010715028897e-05,1,3
"40",0.999991474457616,8.41354784449017e-06,1,3
"41",0.999995528333254,4.41157545315097e-06,1,3
"42",0.999961660399243,3.78477496318105e-05,1,3
"43",0.999972757552379,2.6887778719949e-05,1,3
"44",0.999948154852234,5.11414678301582e-05,1,3
"45",0.999987344384463,1.24780860442923e-05,1,3
"46",0.999995794228062,4.15017671616689e-06,1,3
"47",0.999985595682493,1.42152227881171e-05,1,3
"48",0.999985231511341,1.45917379805244e-05,1,3
"49",0.999992558674428,7.34601385468476e-06,1,3
"50",0.999986194081069,1.36268893418238e-05,1,3
"51",0.999993687667182,6.22672957623701e-06,1,3
"52",0.999980292921526,1.9448435221808e-05,1,3
"53",0.999977728610376,2.19513683356415e-05,1,3
"54",0.999988619185907,1.12341758356677e-05,1,3
"55",0.999988873763822,1.09697157708132e-05,1,3
"56",0.99999076989156,9.1180866730998e-06,1,3
"57",0.999968292096697,3.13125166798507e-05,1,3
"58",0.999983400379218,1.63887401295149e-05,1,3
"59",0.999984200466638,1.55706556140947e-05,1,3
"60",0.999990306260576,9.56178941268997e-06,1,3
"61",0.999976883726972,2.28159918104546e-05,1,3
"62",0.999969537380783,3.0093821270502e-05,1,3
"63",0.999982805893095,1.69818822380454e-05,1,3
"64",0.999968882626443,3.07471633182278e-05,1,3
"65",0.999980787769712,1.89645021603852e-05,1,3
"66",0.999987748389061,1.2081646950266e-05,1,3
"67",0.999996012271595,3.93515487887702e-06,1,3
"68",0.999981536877305,1.82556090737926e-05,1,3
"69",0.99997805394871,2.16568260900361e-05,1,3
"70",0.999960607608306,3.89031826042469e-05,1,3
"71",0.999991743121741,8.14343558004256e-06,1,3
"72",0.999992347959908,7.5501812853666e-06,1,3
"73",0.999979932425951,1.97765416835197e-05,1,3
"74",0.999987534518632,1.23089918599841e-05,1,3
"75",0.999992471407717,7.43222638629772e-06,1,3
"76",0.999979222194764,2.04940263202909e-05,1,3
"77",0.999980928167991,1.88016458600696e-05,1,3
"78",0.999995427132499,4.5118073590435e-06,1,3
"79",0.999996796125092,3.16284343940213e-06,1,3
"80",0.999984752808718,1.50570460366873e-05,1,3
"81",0.999965306577843,3.42418513650681e-05,1,3
"82",0.999993600232385,6.31914718737202e-06,1,3
"83",0.999995787070979,4.15945147799314e-06,1,3
"84",0.999984786789672,1.50126993977275e-05,1,3
"85",0.999986287801321,1.35298441070787e-05,1,3
"86",0.999989399166135,1.04576926630719e-05,1,3
"87",0.999955505670385,4.3943338811706e-05,1,3
"88",0.999970014749875,2.95624586424607e-05,1,3
"89",0.999992019640639,7.87820799066525e-06,1,3
"90",0.999945007731027,5.44072540965377e-05,1,3
"91",0.999989323595575,1.05364967866472e-05,1,3
"92",0.999990616883594,9.2592877775861e-06,1,3
"93",0.999991009210846,8.87419569864921e-06,1,3
"94",0.999987084138255,1.27489436211105e-05,1,3
"95",0.999923533163644,7.54266819896988e-05,1,3
"96",0.999987937670677,1.19085240371536e-05,1,3
"97",0.999999124667342,8.64106176494297e-07,1,3
"98",0.999996586732061,3.36836422755742e-06,1,3
"99",0.999995566031614,4.3762637172975e-06,1,3
"100",0.999969669436908,3.0008364376278e-05,1,3
"101",0.999949629007644,4.97268008706516e-05,10,3
"102",0.999987328238386,1.24968177867298e-05,10,3
"103",0.999967137764471,3.24689779642966e-05,10,3
"104",0.999979249980251,2.04706587772028e-05,10,3
"105",0.999984195636035,1.5589979002084e-05,10,3
"106",0.999990351828854,9.51799966712579e-06,10,3
"107",0.999994158753523,5.76461528240532e-06,10,3
"108",0.999989442640035,1.04246193914618e-05,10,3
"109",0.999968486752714,3.10707085767209e-05,10,3
"110",0.999963168496574,3.63361477108572e-05,10,3
"111",0.999997650985637,2.31895642981231e-06,10,3
"112",0.999992239045097,7.65510488266584e-06,10,3
"113",0.999961692296682,3.77947667680985e-05,10,3
"114",0.999995673530927,4.26980016773221e-06,10,3
"115",0.999972645324325,2.69774959015411e-05,10,3
"116",0.999989867442679,9.99159685387121e-06,10,3
"117",0.999996960304711,3.00069601833891e-06,10,3
"118",0.999990028161976,9.83703960645429e-06,10,3
"119",0.999992934683308,6.97264929833117e-06,10,3
"120",0.999987745854014,1.20836737652702e-05,10,3
"121",0.999983574209073,1.62234608389161e-05,10,3
"122",0.999985824728253,1.39967547863576e-05,10,3
"123",0.999974228229079,2.5460610855957e-05,10,3
"124",0.999997185224784,2.77821825062677e-06,10,3
"125",0.999985440547586,1.43716126845186e-05,10,3
"126",0.999924622234872,7.43661133013231e-05,10,3
"127",0.99996257323148,3.69936944312479e-05,10,3
"128",0.999971140094264,2.84945511379869e-05,10,3
"129",0.999991478576939,8.40971606472059e-06,10,3
"130",0.999990087894595,9.78168936759521e-06,10,3
"131",0.999986350787339,1.34773382800208e-05,10,3
"132",0.999998622787732,1.35866459147185e-06,10,3
"133",0.999980857469181,1.88750223264354e-05,10,3
"134",0.999995004920222,4.92878899323043e-06,10,3
"135",0.999949723810601,4.96282258734971e-05,10,3
"136",0.999988534702617,1.13161577311495e-05,10,3
"137",0.999931606705133,6.75136880311606e-05,10,3
"138",0.999982853889051,1.69113547402168e-05,10,3
"139",0.999980061817718,1.96856315095269e-05,10,3
"140",0.999964039815922,3.54486043697833e-05,10,3
"141",0.999994426395636,5.50073078373128e-06,10,3
"142",0.999984694625461,1.51026973229407e-05,10,3
"143",0.999978180133365,2.15270680259576e-05,10,3
"144",0.999968795783144,3.07950581339597e-05,10,3
"145",0.999962252458789,3.7184227140616e-05,10,3
"146",0.999994317123737,5.60757870716616e-06,10,3
"147",0.999982722427227,1.70576630942958e-05,10,3
"148",0.999973224131902,2.64727460091419e-05,10,3
"149",0.999981689669342,1.80440298110746e-05,10,3
"150",0.999979057176068,2.06746773694185e-05,10,3
"151",0.999992645711,7.25752730438692e-06,10,3
"152",0.999961165942153,3.83359442505238e-05,10,3
"153",0.999986467468676,1.33568871055307e-05,10,3
"154",0.9999866252334,1.31987411197832e-05,10,3
"155",0.99999671860846,3.23808410603985e-06,10,3
"156",0.999982571446789,1.71805960296889e-05,10,3
"157",0.999986017940592,1.37927637048031e-05,10,3
"158",0.999966240110066,3.33080511227181e-05,10,3
"159",0.999944281279517,5.49892908644079e-05,10,3
"160",0.999988941563925,1.09096936637913e-05,10,3
"161",0.999906552201896,9.2326384919879e-05,10,3
"162",0.99998784287906,1.199032781716e-05,10,3
"163",0.999976050621774,2.3624866310872e-05,10,3
"164",0.999988262922121,1.15802258615382e-05,10,3
"165",0.999994274531187,5.64417779933697e-06,10,3
"166",0.999959142142735,4.03108793572556e-05,10,3
"167",0.999972403661434,2.72299990361178e-05,10,3
"168",0.999977701594705,2.19861115665535e-05,10,3
"169",0.999977349414513,2.23950451461896e-05,10,3
"170",0.999980277623867,1.94554894566663e-05,10,3
"171",0.999996134734374,3.81397922136612e-06,10,3
"172",0.999991019566011,8.86228420081823e-06,10,3
"173",0.999951033276438,4.83888483615575e-05,10,3
"174",0.999986683152573,1.31414718096749e-05,10,3
"175",0.999995247135728,4.69063354729844e-06,10,3
"176",0.999987621088246,1.22160898266265e-05,10,3
"177",0.99993701816559,6.21166321943639e-05,10,3
"178",0.99999261933944,7.28333027829129e-06,10,3
"179",0.999984825205734,1.50000953831616e-05,10,3
"180",0.999970699271985,2.89141680599123e-05,10,3
"181",0.999993270759382,6.64119376456524e-06,10,3
"182",0.999997420114045,2.54627498271597e-06,10,3
"183",0.999987809814606,1.20207420089569e-05,10,3
"184",0.9999763032668,2.33759321952951e-05,10,3
"185",0.999961221970123,3.8260206432996e-05,10,3
"186",0.999987020491912,1.28107910717128e-05,10,3
"187",0.999974652739952,2.50260582664714e-05,10,3
"188",0.999962872821051,3.66249445250879e-05,10,3
"189",0.999972790296243,2.68204564881152e-05,10,3
"190",0.999973513497455,2.6127662558381e-05,10,3
"191",0.999952861985092,4.65709389342454e-05,10,3
"192",0.999985995746784,1.38117344086638e-05,10,3
"193",0.999992440667994,7.45455502210251e-06,10,3
"194",0.999980760397925,1.89856273656237e-05,10,3
"195",0.999982192621895,1.75825913365658e-05,10,3
"196",0.999994595945686,5.33111107785467e-06,10,3
"197",0.999995487856973,4.45468673939639e-06,10,3
"198",0.999964152341736,3.53818231973047e-05,10,3
"199",0.999991530790132,8.36020802457651e-06,10,3
"200",0.999978397574334,2.1313688464137e-05,10,3
"201",0.999990284356343,9.57998925840521e-06,30,3
"202",0.999989481396548,1.03776915615311e-05,30,3
"203",0.999985627218899,1.41688527681194e-05,30,3
"204",0.999965060364156,3.44370851840849e-05,30,3
"205",0.999990523576811,9.35441078471777e-06,30,3
"206",0.999994946874932,4.98912091708831e-06,30,3
"207",0.999986385822585,1.34434129333238e-05,30,3
"208",0.999971605418979,2.80275769242286e-05,30,3
"209",0.999977120254511,2.25939419702983e-05,30,3
"210",0.999992323172355,7.5743465191885e-06,30,3
"211",0.999984398937793,1.53933808106227e-05,30,3
"212",0.99998560735561,1.4204853745622e-05,30,3
"213",0.999974265012734,2.53602690693855e-05,30,3
"214",0.999994853541134,5.08090364145734e-06,30,3
"215",0.999981804645039,1.79561982696095e-05,30,3
"216",0.99999397083454,5.94696199811382e-06,30,3
"217",0.999998347674751,1.63054478759914e-06,30,3
"218",0.999981194453004,1.85460769711195e-05,30,3
"219",0.999969691352874,2.99553306257687e-05,30,3
"220",0.999977095598067,2.25940042795947e-05,30,3
"221",0.999925184679191,7.38384101033728e-05,30,3
"222",0.999990000674878,9.86342616957514e-06,30,3
"223",0.99999722648799,2.73765912378592e-06,30,3
"224",0.999955116443615,4.42897601476392e-05,30,3
"225",0.99998002114911,1.97449592514983e-05,30,3
"226",0.999953162324886,4.62760708910362e-05,30,3
"227",0.99996205628513,3.74957939327808e-05,30,3
"228",0.999954067812117,4.52948848017325e-05,30,3
"229",0.999992841825281,7.0643233564252e-06,30,3
"230",0.999984823687071,1.49865807504816e-05,30,3
"231",0.999984617111628,1.51770855821779e-05,30,3
"232",0.999980533477177,1.92084470601785e-05,30,3
"233",0.99997902980026,2.06743758134058e-05,30,3
"234",0.999915599793598,8.32479824593307e-05,30,3
"235",0.999968406622342,3.11309206195507e-05,30,3
"236",0.999991774641126,8.11401903312569e-06,30,3
"237",0.999981376216899,1.83903440095527e-05,30,3
"238",0.999992143076068,7.74356003147892e-06,30,3
"239",0.999980206602962,1.95333154052533e-05,30,3
"240",0.999990919902283,8.95458393184543e-06,30,3
"241",0.999985060457442,1.47341668537865e-05,30,3
"242",0.999989786986828,1.00704429910843e-05,30,3
"243",0.999940391771418,5.88161794321291e-05,30,3
"244",0.999926256732811,7.29068905747607e-05,30,3
"245",0.999993220027627,6.68668568580919e-06,30,3
"246",0.99999165063551,8.23927608183478e-06,30,3
"247",0.999991258990671,8.62820309857822e-06,30,3
"248",0.999998097109863,1.87755714071921e-06,30,3
"249",0.9999855145991,1.42984240304389e-05,30,3
"250",0.999947971295715,5.13394954758431e-05,30,3
"251",0.999982484666075,1.72795470435508e-05,30,3
"252",0.999981277245879,1.84533915003913e-05,30,3
"253",0.9999394823523,5.96982282662161e-05,30,3
"254",0.999983524667923,1.6257564145699e-05,30,3
"255",0.999992230091937,7.66310328681631e-06,30,3
"256",0.999986477570554,1.33440475459574e-05,30,3
"257",0.9999942799418,5.64907479053748e-06,30,3
"258",0.999990569101936,9.31153630298901e-06,30,3
"259",0.999988171734897,1.16796412105667e-05,30,3
"260",0.999988154851478,1.16900482860961e-05,30,3
"261",0.999993788021418,6.13211033388429e-06,30,3
"262",0.99999445941905,5.46886086326716e-06,30,3
"263",0.999937125475871,6.2053146542341e-05,30,3
"264",0.999980459513287,1.92867751061397e-05,30,3
"265",0.999992317199902,7.58252076724034e-06,30,3
"266",0.999991944862558,7.94684936841598e-06,30,3
"267",0.999849503267671,0.00014848155848072,30,3
"268",0.999973394565177,2.62849661659104e-05,30,3
"269",0.999995939984528,4.0060063249606e-06,30,3
"270",0.999997165174132,2.79728193620996e-06,30,3
"271",0.999956808819182,4.25778504916633e-05,30,3
"272",0.999965135717516,3.43579652164776e-05,30,3
"273",0.999988484176642,1.13582666416657e-05,30,3
"274",0.99995652306658,4.28855965084351e-05,30,3
"275",0.999971965950335,2.76861258766354e-05,30,3
"276",0.999983241383687,1.65496717297149e-05,30,3
"277",0.999992471501628,7.43827029088334e-06,30,3
"278",0.999992902876145,7.00641791088374e-06,30,3
"279",0.999995954067042,3.9944384020839e-06,30,3
"280",0.999976693086911,2.30029740553695e-05,30,3
"281",0.999976461583573,2.32184510550067e-05,30,3
"282",0.999975072236799,2.46085160048442e-05,30,3
"283",0.999965766911763,3.3761526114478e-05,30,3
"284",0.999989771619487,1.00905206257474e-05,30,3
"285",0.999978434149093,2.12652186466618e-05,30,3
"286",0.999953875666851,4.55386808749433e-05,30,3
"287",0.999992405760984,7.49449131719124e-06,30,3
"288",0.999986316661483,1.34861934218652e-05,30,3
"289",0.999974244841392,2.54158172588888e-05,30,3
"290",0.99995866874605,4.08704702086892e-05,30,3
"291",0.999987176464782,1.26646295194737e-05,30,3
"292",0.999963956422459,3.55583005512542e-05,30,3
"293",0.999984997433836,1.48188560182855e-05,30,3
"294",0.999996965057109,2.99545582777664e-06,30,3
"295",0.999991868716938,8.02378612161414e-06,30,3
"296",0.999977299182304,2.24052731883621e-05,30,3
"297",0.999995222683092,4.71467924237922e-06,30,3
"298",0.999981324837027,1.84285961816552e-05,30,3
"299",0.999981367699246,1.83526552000188e-05,30,3
"300",0.999998781504147,1.20235488044657e-06,30,3
"301",0.999977939361251,2.1768180599244e-05,50,3
"302",0.999952610248813,4.68053464514134e-05,50,3
"303",0.999988921354472,1.09335965485197e-05,50,3
"304",0.999969288395785,3.02948100787268e-05,50,3
"305",0.999999518898057,4.74819433037006e-07,50,3
"306",0.999961591344972,3.79303934133015e-05,50,3
"307",0.99999270271044,7.2022085699463e-06,50,3
"308",0.999982319974637,1.7437148011073e-05,50,3
"309",0.999952748781083,4.66307906486786e-05,50,3
"310",0.999987075124959,1.2761370021464e-05,50,3
"311",0.999974726104992,2.49207493984325e-05,50,3
"312",0.999993073372631,6.83866968693627e-06,50,3
"313",0.999979867647681,1.98594491174846e-05,50,3
"314",0.999986593711908,1.32304391892093e-05,50,3
"315",0.99999270364867,7.19883078906605e-06,50,3
"316",0.999990663881035,9.21885307932924e-06,50,3
"317",0.999972051088222,2.75750809749568e-05,50,3
"318",0.9999897443599,1.01187868600596e-05,50,3
"319",0.999994971458407,4.96466147446672e-06,50,3
"320",0.999980681823932,1.90676950656049e-05,50,3
"321",0.999995673946999,4.26985397457867e-06,50,3
"322",0.999903709549368,9.49837912244684e-05,50,3
"323",0.999971415675121,2.8185888648198e-05,50,3
"324",0.999996645177691,3.31061735173651e-06,50,3
"325",0.999998254137278,1.72323784593951e-06,50,3
"326",0.99999378993917,6.12767324177829e-06,50,3
"327",0.999921650332558,7.73082152011541e-05,50,3
"328",0.999983872785072,1.59375986785678e-05,50,3
"329",0.999991216934415,8.67159976665022e-06,50,3
"330",0.99996372704392,3.58373223347223e-05,50,3
"331",0.999945943189179,5.32567513777757e-05,50,3
"332",0.999976045457714,2.36286971201569e-05,50,3
"333",0.999968510332606,3.10437978853151e-05,50,3
"334",0.999953886609288,4.54055275205152e-05,50,3
"335",0.999921752179408,7.72693562000299e-05,50,3
"336",0.999976351603911,2.33386947762201e-05,50,3
"337",0.999990029681607,9.85374135317831e-06,50,3
"338",0.999992118957965,7.77699419634512e-06,50,3
"339",0.999976297273003,2.33833211314926e-05,50,3
"340",0.999993954591858,5.96689294796023e-06,50,3
"341",0.999965810322126,3.374046972153e-05,50,3
"342",0.999962648549528,3.68624836607565e-05,50,3
"343",0.999957450902954,4.20332718314862e-05,50,3
"344",0.999983706286258,1.60592761795449e-05,50,3
"345",0.999990336857861,9.54037025903632e-06,50,3
"346",0.999923116594765,7.58520364179463e-05,50,3
"347",0.999981433756601,1.83229403865646e-05,50,3
"348",0.999998193248389,1.78284480700781e-06,50,3
"349",0.999985348688002,1.44449981826113e-05,50,3
"350",0.99996740390552,3.21512945456373e-05,50,3
"351",0.999993865594662,6.05550198313697e-06,50,3
"352",0.999981388908551,1.83627536106825e-05,50,3
"353",0.9999792505922,2.04815529786024e-05,50,3
"354",0.999954714686838,4.47009276223734e-05,50,3
"355",0.999996825346551,3.13217770047132e-06,50,3
"356",0.999941870183264,5.73827360896505e-05,50,3
"357",0.99999195200991,7.94382330474513e-06,50,3
"358",0.999988653895087,1.11981151012402e-05,50,3
"359",0.99999603080859,3.91745650615063e-06,50,3
"360",0.999983080085935,1.67001728260763e-05,50,3
"361",0.999984344231752,1.54361258022768e-05,50,3
"362",0.999974785790606,2.49092794578906e-05,50,3
"363",0.999998729258842,1.25417492538936e-06,50,3
"364",0.999982257433403,1.75191016707963e-05,50,3
"365",0.999903214003809,9.55011488525352e-05,50,3
"366",0.999979476124798,2.0253218021568e-05,50,3
"367",0.999974869023721,2.48066351047612e-05,50,3
"368",0.999979649236618,2.00931969231794e-05,50,3
"369",0.999973295339156,2.63523626391646e-05,50,3
"370",0.999992753552179,7.15150176179777e-06,50,3
"371",0.999992497533512,7.40439646472942e-06,50,3
"372",0.999960769962364,3.87587624295023e-05,50,3
"373",0.999965468381689,3.40752226647122e-05,50,3
"374",0.999993963658813,5.96010918351441e-06,50,3
"375",0.999964069649186,3.54118329091732e-05,50,3
"376",0.999981708782293,1.80519017002125e-05,50,3
"377",0.99995886613247,4.05899680999013e-05,50,3
"378",0.999992012895488,7.88755048052921e-06,50,3
"379",0.999981155477299,1.85948203613074e-05,50,3
"380",0.999997504325565,2.4642087646327e-06,50,3
"381",0.999989264771588,1.05898125667276e-05,50,3
"382",0.999996688427321,3.26783158102235e-06,50,3
"383",0.999985141583384,1.46367929589878e-05,50,3
"384",0.999980996151999,1.87803184979089e-05,50,3
"385",0.999966502262083,3.30200653057608e-05,50,3
"386",0.999992704266061,7.19791490813417e-06,50,3
"387",0.999991736174535,8.15780879047426e-06,50,3
"388",0.999992520220062,7.3801033646324e-06,50,3
"389",0.999998107466435,1.86801922915917e-06,50,3
"390",0.999979541307487,2.02044974276172e-05,50,3
"391",0.999914588087158,8.43202595957349e-05,50,3
"392",0.999997353506329,2.61114855815657e-06,50,3
"393",0.99999625882839,3.69140623163277e-06,50,3
"394",0.999981992014073,1.77534129429584e-05,50,3
"395",0.999963640357692,3.58787576475839e-05,50,3
"396",0.999987978034404,1.1861458872037e-05,50,3
"397",0.999996455617932,3.4963265053152e-06,50,3
"398",0.999957897812016,4.15646523398837e-05,50,3
"399",0.999904109267927,9.49591266361697e-05,50,3
"400",0.999991273964213,8.61504967187502e-06,50,3
"401",0.999940302447814,7.83188884296952e-05,1,4
"402",0.999905552586529,0.000124025090440853,1,4
"403",0.999897525847225,0.000134283914414296,1,4
"404",0.999913351013331,0.000113497829483637,1,4
"405",0.999943240950648,7.43460901120444e-05,1,4
"406",0.999946322181199,7.04968507844208e-05,1,4
"407",0.999941606026311,7.67751393845674e-05,1,4
"408",0.999931441585169,8.98857506564516e-05,1,4
"409",0.999960921752421,5.131944853753e-05,1,4
"410",0.999940389934604,7.81186765825583e-05,1,4
"411",0.999970239705861,3.90485947180886e-05,1,4
"412",0.999896478397698,0.00013571026810229,1,4
"413",0.999945736250912,7.11151599822521e-05,1,4
"414",0.999966014758085,4.44727959628201e-05,1,4
"415",0.999913516773765,0.000113297661308237,1,4
"416",0.999915460103336,0.000110723562872585,1,4
"417",0.999921830900422,0.000102613919746781,1,4
"418",0.999931893853801,8.92793318180045e-05,1,4
"419",0.999932616075237,8.857506958822e-05,1,4
"420",0.999957874439451,5.51830173326509e-05,1,4
"421",0.999932317846652,8.84838818322031e-05,1,4
"422",0.99991134827023,0.000116206691413161,1,4
"423",0.99994053867089,7.78663134617211e-05,1,4
"424",0.999897375359851,0.000134861732248811,1,4
"425",0.99995291364451,6.17380729164682e-05,1,4
"426",0.999944467400952,7.29021054918903e-05,1,4
"427",0.999967843280738,4.21743317043324e-05,1,4
"428",0.999960494517023,5.18328779271727e-05,1,4
"429",0.999875566140031,0.000163568295394485,1,4
"430",0.999951882269636,6.30145923625721e-05,1,4
"431",0.999947551113115,6.86969184179877e-05,1,4
"432",0.99992829711327,9.36296210160246e-05,1,4
"433",0.999949363852694,6.63650257006542e-05,1,4
"434",0.99992917592686,9.29560394507424e-05,1,4
"435",0.999968245756185,4.16500843906008e-05,1,4
"436",0.999948345646988,6.78149026735501e-05,1,4
"437",0.99994000210542,7.86587045709121e-05,1,4
"438",0.999929811273472,9.20590328508682e-05,1,4
"439",0.999970349148759,3.89340939709691e-05,1,4
"440",0.999919338854686,0.000105724448295123,1,4
"441",0.999940941467928,7.74697653608871e-05,1,4
"442",0.999956798033362,5.67282935837075e-05,1,4
"443",0.999917850510627,0.000107707869620523,1,4
"444",0.999945535341328,7.13892279188833e-05,1,4
"445",0.999939422490221,7.94853234024835e-05,1,4
"446",0.999930749850656,9.08425297063944e-05,1,4
"447",0.999945037351715,7.1855854059316e-05,1,4
"448",0.999937404070995,8.21316021551333e-05,1,4
"449",0.999938411172295,8.07913895726873e-05,1,4
"450",0.999934803100236,8.55571356796753e-05,1,4
"451",0.999950071099907,6.54449545444469e-05,1,4
"452",0.999922547164758,0.000101569115349976,1,4
"453",0.999918798276722,0.000106445894674028,1,4
"454",0.999931177265018,9.01030885640191e-05,1,4
"455",0.999964931034066,4.59691655976155e-05,1,4
"456",0.999926849712937,9.60244218454768e-05,1,4
"457",0.99995411500474,6.01768740212602e-05,1,4
"458",0.999950516715186,6.50037580846222e-05,1,4
"459",0.999933139086833,8.75553491178979e-05,1,4
"460",0.999847614134409,0.000199660214910882,1,4
"461",0.999901150246681,0.000130209739791461,1,4
"462",0.999936090953974,8.38349019330974e-05,1,4
"463",0.999965914065514,4.47598090021426e-05,1,4
"464",0.999951733116228,6.33559100573537e-05,1,4
"465",0.999946791273543,6.97543629963603e-05,1,4
"466",0.999930960435773,9.04927316038497e-05,1,4
"467",0.999906665514833,0.000122538508643282,1,4
"468",0.999954095389769,6.02191210506759e-05,1,4
"469",0.999898253463898,0.000133536968041137,1,4
"470",0.999960082825462,5.22233992415403e-05,1,4
"471",0.999956367786223,5.72543049582898e-05,1,4
"472",0.999944225952816,7.32465864595916e-05,1,4
"473",0.999945171108998,7.21186043445945e-05,1,4
"474",0.999939830946985,7.89160730410717e-05,1,4
"475",0.999946762878999,6.97858312339562e-05,1,4
"476",0.999905393130806,0.000124214413318915,1,4
"477",0.999950946720253,6.42667736867023e-05,1,4
"478",0.999937920972254,8.14671206645602e-05,1,4
"479",0.999942924379573,7.49653819409081e-05,1,4
"480",0.999911415635359,0.000116112227076463,1,4
"481",0.999898154418225,0.000133440220407333,1,4
"482",0.999912503669775,0.000114404139361594,1,4
"483",0.999930931107837,9.07300687257692e-05,1,4
"484",0.999950384492369,6.51748046135732e-05,1,4
"485",0.999894387038957,0.000138443944788189,1,4
"486",0.999929347785737,9.27712591747746e-05,1,4
"487",0.999925452698451,9.79702461100295e-05,1,4
"488",0.99995231097282,6.24940667436181e-05,1,4
"489",0.999946886950568,6.95979205985043e-05,1,4
"490",0.999924059018922,9.97958486832535e-05,1,4
"491",0.999960692181671,5.15906323622662e-05,1,4
"492",0.999970294818233,3.89693067951504e-05,1,4
"493",0.999874371014862,0.000164854269016719,1,4
"494",0.999935068072701,8.51906870132863e-05,1,4
"495",0.999937116977142,8.25193191987925e-05,1,4
"496",0.999937661795731,8.1723241135738e-05,1,4
"497",0.999923226507555,0.000100632576850939,1,4
"498",0.999902814820855,0.000127766765842123,1,4
"499",0.999925958894774,9.71688127185087e-05,1,4
"500",0.999945010511631,7.20094758975412e-05,1,4
"501",0.999956574023218,5.68382293485299e-05,10,4
"502",0.999914060346698,0.000112498077066204,10,4
"503",0.999960318551479,5.20279616561162e-05,10,4
"504",0.999941932505414,7.60398230941318e-05,10,4
"505",0.999974516630432,3.3452371713764e-05,10,4
"506",0.999927287449654,9.4999162762915e-05,10,4
"507",0.999906904469074,0.000122271682748144,10,4
"508",0.999931133834635,9.02189599151148e-05,10,4
"509",0.999933102576818,8.77896522820005e-05,10,4
"510",0.999951415702313,6.38348495893738e-05,10,4
"511",0.999962228680448,4.9529368543398e-05,10,4
"512",0.999933066736509,8.79363356429529e-05,10,4
"513",0.999959116352464,5.35745202762657e-05,10,4
"514",0.999972593643583,3.60325725850454e-05,10,4
"515",0.999931567799569,8.9817408266819e-05,10,4
"516",0.999918535286446,0.000106987408597719,10,4
"517",0.999910523643229,0.000117460240221266,10,4
"518",0.999945162904585,7.201273603889e-05,10,4
"519",0.999950976426928,6.44719292338821e-05,10,4
"520",0.999933798935566,8.67916208262133e-05,10,4
"521",0.999932181961609,8.88982400465046e-05,10,4
"522",0.999926117891771,9.68525354743918e-05,10,4
"523",0.999956032816462,5.76720461260129e-05,10,4
"524",0.999918959141299,0.000106375577913703,10,4
"525",0.999917292848862,0.000108637913884788,10,4
"526",0.999931124993459,9.05598337483389e-05,10,4
"527",0.999921555406678,0.000102876638297828,10,4
"528",0.999922149308559,0.000102216089115227,10,4
"529",0.999865712473489,0.000176798023972582,10,4
"530",0.999918832900277,0.000106509570578657,10,4
"531",0.999959521049064,5.32950542916893e-05,10,4
"532",0.999918695904252,0.000106677139957324,10,4
"533",0.999843237410913,0.000205726546176893,10,4
"534",0.99993996110008,7.88477985594836e-05,10,4
"535",0.999949710478013,6.59426421425252e-05,10,4
"536",0.999912206551988,0.00011509936956569,10,4
"537",0.999928490163838,9.35237081924388e-05,10,4
"538",0.999887454466517,0.000147453067990321,10,4
"539",0.99990864045712,0.000119880198627465,10,4
"540",0.999944238812609,7.31625965262328e-05,10,4
"541",0.99992741892489,9.50809110140313e-05,10,4
"542",0.999950731124806,6.44582016286023e-05,10,4
"543",0.999904206340875,0.000125578275757247,10,4
"544",0.999942353007858,7.56802683193967e-05,10,4
"545",0.999905643060668,0.000123636757061463,10,4
"546",0.999950160365305,6.52940272239074e-05,10,4
"547",0.999944655212139,7.25741836034297e-05,10,4
"548",0.999951156550189,6.40498668210289e-05,10,4
"549",0.999949580102099,6.61594613603598e-05,10,4
"550",0.999904902613188,0.000125000054592161,10,4
"551",0.99992311630811,0.000101001047289677,10,4
"552",0.999961748767987,5.02562986370262e-05,10,4
"553",0.99995087722269,6.44562112683706e-05,10,4
"554",0.999940800845269,7.74891097296289e-05,10,4
"555",0.99993203685059,8.92139645792304e-05,10,4
"556",0.999954071943618,6.0245180122096e-05,10,4
"557",0.999945656680146,7.13837034419454e-05,10,4
"558",0.999940161656516,7.84216628272616e-05,10,4
"559",0.999941106780873,7.73743680213906e-05,10,4
"560",0.999944881999982,7.2197769528083e-05,10,4
"561",0.99995714666154,5.62556648277462e-05,10,4
"562",0.999967807124601,4.21890428510301e-05,10,4
"563",0.999944299685753,7.31553476839351e-05,10,4
"564",0.999937325810606,8.23008206399147e-05,10,4
"565",0.999950194403964,6.54331461222771e-05,10,4
"566",0.99993715967521,8.23363597850719e-05,10,4
"567",0.99994877550242,6.73916597610872e-05,10,4
"568",0.99992569662572,9.73766263218037e-05,10,4
"569",0.999973621185503,3.46112343789435e-05,10,4
"570",0.999936615378957,8.31729373532902e-05,10,4
"571",0.999939968158336,7.88217103150179e-05,10,4
"572",0.999962854737215,4.8704898285503e-05,10,4
"573",0.999954361213149,5.99457687850055e-05,10,4
"574",0.999931096701273,9.03073548903445e-05,10,4
"575",0.999919467734789,0.000105536642784337,10,4
"576",0.999952391997892,6.24674625373683e-05,10,4
"577",0.9998937752766,0.000139457949720195,10,4
"578",0.99995005725528,6.55114143897968e-05,10,4
"579",0.999930877835649,9.07377253060213e-05,10,4
"580",0.999947328255699,6.92615683462934e-05,10,4
"581",0.999958859595397,5.3885374907311e-05,10,4
"582",0.999913543633318,0.000113435518773611,10,4
"583",0.999954309109532,5.9984567497042e-05,10,4
"584",0.999895398192408,0.000137079644600618,10,4
"585",0.99988530679985,0.000150710536857154,10,4
"586",0.999948200422435,6.79378998314263e-05,10,4
"587",0.999917203664711,0.000108673230671537,10,4
"588",0.999927532322145,9.50251422306066e-05,10,4
"589",0.999916779397924,0.000109316983932721,10,4
"590",0.999967742397922,4.24264501481565e-05,10,4
"591",0.999941268057751,7.71274424920462e-05,10,4
"592",0.999914073715232,0.000112748771040244,10,4
"593",0.999954246748374,5.99900270487399e-05,10,4
"594",0.999938764074509,8.02734078419013e-05,10,4
"595",0.999929991616681,9.1730596852027e-05,10,4
"596",0.999950051297497,6.54860964739611e-05,10,4
"597",0.999888507772052,0.000146362761187459,10,4
"598",0.999959115997449,5.37004238438992e-05,10,4
"599",0.999926854836371,9.5734857823122e-05,10,4
"600",0.999923973295509,9.9626891933954e-05,10,4
"601",0.999931957512254,8.95088598586724e-05,30,4
"602",0.999960164066998,5.22196928117444e-05,30,4
"603",0.999943550983177,7.39975303836003e-05,30,4
"604",0.999909842372117,0.000118380242389019,30,4
"605",0.999942678034352,7.5181561202172e-05,30,4
"606",0.999954746438421,5.93309527399904e-05,30,4
"607",0.999895230172013,0.00013756440771539,30,4
"608",0.999972405539109,3.6190041535451e-05,30,4
"609",0.999933853335112,8.66560471419486e-05,30,4
"610",0.999941543394598,7.68047807791476e-05,30,4
"611",0.999944486162293,7.28574740589924e-05,30,4
"612",0.999966676356017,4.37447382032934e-05,30,4
"613",0.99992283759304,0.000101280290444,30,4
"614",0.999952741078937,6.19304297976186e-05,30,4
"615",0.999968033104297,4.19500823683427e-05,30,4
"616",0.999947650745757,6.87322048168546e-05,30,4
"617",0.999936976043163,8.28527653120721e-05,30,4
"618",0.999948750867057,6.72348014926678e-05,30,4
"619",0.999939280975456,7.95963026121397e-05,30,4
"620",0.999893927170885,0.00013918065597743,30,4
"621",0.999907418734688,0.000121530159013341,30,4
"622",0.999946188281866,7.05348368789608e-05,30,4
"623",0.999954259512245,6.01624710755458e-05,30,4
"624",0.999930952396764,9.06512782516589e-05,30,4
"625",0.999956173796014,5.75401293151013e-05,30,4
"626",0.999928248980683,9.39114702521549e-05,30,4
"627",0.999948353845709,6.75752920909706e-05,30,4
"628",0.999911590294368,0.000116149395334809,30,4
"629",0.999890230086191,0.000143885817242944,30,4
"630",0.999968640362217,4.11948571296496e-05,30,4
"631",0.999968499099653,4.13373507636246e-05,30,4
"632",0.999951290718721,6.40647340938973e-05,30,4
"633",0.999979982127423,2.62471781918224e-05,30,4
"634",0.999899535380648,0.000132022837483293,30,4
"635",0.999925858315156,9.71810400111084e-05,30,4
"636",0.999932787463995,8.83867571652116e-05,30,4
"637",0.99994977883383,6.58753388938205e-05,30,4
"638",0.999912437111205,0.000114946420962583,30,4
"639",0.99995912754686,5.35612885151673e-05,30,4
"640",0.999957269792908,5.61793495002593e-05,30,4
"641",0.999957399892053,5.58278381941548e-05,30,4
"642",0.999946321737813,7.04332297839123e-05,30,4
"643",0.999930566254954,9.11454379769595e-05,30,4
"644",0.999938875828589,8.01398483967392e-05,30,4
"645",0.999947042930702,6.9497023895077e-05,30,4
"646",0.999943464663379,7.4279156632409e-05,30,4
"647",0.999940652248715,7.78536814591156e-05,30,4
"648",0.999944649069971,7.25255813315299e-05,30,4
"649",0.999953867139087,6.04424232770277e-05,30,4
"650",0.999925888106069,9.70489378129484e-05,30,4
"651",0.999942555471583,7.54426988935178e-05,30,4
"652",0.999950412429862,6.50963282447794e-05,30,4
"653",0.999941237225458,7.70826765501202e-05,30,4
"654",0.999954464899171,5.97469695072756e-05,30,4
"655",0.999942975448117,7.4731004024048e-05,30,4
"656",0.999954628085933,5.94244235010933e-05,30,4
"657",0.999921514643841,0.000102596146500019,30,4
"658",0.999919659061589,0.000105225563532927,30,4
"659",0.999958961533347,5.39787372128946e-05,30,4
"660",0.999958588361629,5.42913266208782e-05,30,4
"661",0.99996179384124,5.00410855638206e-05,30,4
"662",0.999949113918488,6.67367900261429e-05,30,4
"663",0.999910604230661,0.000117132044348005,30,4
"664",0.999907092141453,0.00012160758200249,30,4
"665",0.999923511794419,0.000100496868150523,30,4
"666",0.999953657534002,6.06937378204482e-05,30,4
"667",0.999951688019504,6.34113083219007e-05,30,4
"668",0.999977825226976,2.91473466450509e-05,30,4
"669",0.999921365122512,0.00010315118977142,30,4
"670",0.999978016586665,2.88122291939829e-05,30,4
"671",0.99994671064735,7.00758290369193e-05,30,4
"672",0.99993525765577,8.48530177063007e-05,30,4
"673",0.999927659265441,9.50606008707561e-05,30,4
"674",0.999953412767031,6.10995282071831e-05,30,4
"675",0.999968732685203,4.10249573978986e-05,30,4
"676",0.99991501216456,0.000111523087560028,30,4
"677",0.999921299443165,0.0001030958213948,30,4
"678",0.999953113099139,6.14426776160595e-05,30,4
"679",0.999937007707084,8.26443510077956e-05,30,4
"680",0.999976355458907,3.10287401856523e-05,30,4
"681",0.999953569875745,6.09116099901025e-05,30,4
"682",0.999951904797195,6.30252083720622e-05,30,4
"683",0.999934880305003,8.54129315727486e-05,30,4
"684",0.999940774918347,7.77433553760486e-05,30,4
"685",0.999922757162775,0.000101326011584321,30,4
"686",0.99994205905048,7.59495512376633e-05,30,4
"687",0.999935350844961,8.47755567275359e-05,30,4
"688",0.999912057752753,0.0001157675756647,30,4
"689",0.999891736518903,0.000142490931422807,30,4
"690",0.999947750962677,6.84459315800358e-05,30,4
"691",0.999856568792149,0.000188341614858504,30,4
"692",0.999962390599375,4.92714791504106e-05,30,4
"693",0.999937289517174,8.22568469041289e-05,30,4
"694",0.999892741756139,0.000140781737009877,30,4
"695",0.999934904424375,8.54807732771104e-05,30,4
"696",0.999962231601634,4.94761580544135e-05,30,4
"697",0.999931064562148,9.03716635420653e-05,30,4
"698",0.999944789827188,7.23438541845917e-05,30,4
"699",0.999936218321613,8.35929134512676e-05,30,4
"700",0.999942543176019,7.5425466802007e-05,30,4
"701",0.999967648367039,4.24633490716688e-05,50,4
"702",0.999956205247879,5.73694411025461e-05,50,4
"703",0.99995758712348,5.56783428843531e-05,50,4
"704",0.999944247445301,7.32130562101265e-05,50,4
"705",0.999913650288232,0.000113311410990433,50,4
"706",0.999914147203287,0.000112580184077843,50,4
"707",0.999958310236609,5.46583488118053e-05,50,4
"708",0.999940882218958,7.74538739880319e-05,50,4
"709",0.999954595164048,5.95985197989776e-05,50,4
"710",0.99994303811342,7.46466501701903e-05,50,4
"711",0.999948022043634,6.79873517136037e-05,50,4
"712",0.999916189080946,0.000109996597498535,50,4
"713",0.99994754250961,6.89233725548122e-05,50,4
"714",0.99997739248458,2.96566997198769e-05,50,4
"715",0.9999740405413,3.4059435995815e-05,50,4
"716",0.999921080519982,0.000103309618239903,50,4
"717",0.999914168218203,0.000112370035643114,50,4
"718",0.999934182581213,8.6423608330202e-05,50,4
"719",0.99994338163862,7.43008301804749e-05,50,4
"720",0.999896904314179,0.00013518327683058,50,4
"721",0.999892879399028,0.000140362601564245,50,4
"722",0.999928578355309,9.3650303521131e-05,50,4
"723",0.999956364924465,5.73258699644317e-05,50,4
"724",0.999872143432905,0.000167931417572983,50,4
"725",0.999923818828382,0.000100318937451924,50,4
"726",0.999891960776803,0.000141865266748825,50,4
"727",0.999944592561976,7.25371972816005e-05,50,4
"728",0.999918144366367,0.000107459795902247,50,4
"729",0.999935046562928,8.52219865264053e-05,50,4
"730",0.999952410193868,6.24624664129416e-05,50,4
"731",0.999955643348365,5.81805700030518e-05,50,4
"732",0.999970331680123,3.88998782094356e-05,50,4
"733",0.999959067372522,5.38410449739259e-05,50,4
"734",0.999933195211181,8.76865046408811e-05,50,4
"735",0.999940312747687,7.82563110620892e-05,50,4
"736",0.999890995515232,0.000142982827817911,50,4
"737",0.999925683988872,9.76132819431669e-05,50,4
"738",0.999914870329851,0.000111609976818477,50,4
"739",0.999924206834031,9.92991700008324e-05,50,4
"740",0.999926357603256,9.64837826984798e-05,50,4
"741",0.999968634648881,4.11844867106778e-05,50,4
"742",0.999904877086939,0.000124829940197006,50,4
"743",0.999928985872708,9.31009782066544e-05,50,4
"744",0.999956374401719,5.7221251797379e-05,50,4
"745",0.999939577966458,7.92903581506785e-05,50,4
"746",0.999942383304232,7.5598281470218e-05,50,4
"747",0.999922812981605,0.000101161224288457,50,4
"748",0.999886497632292,0.000148691535935207,50,4
"749",0.999941885100267,7.62142986341344e-05,50,4
"750",0.999953971072838,6.0383296784791e-05,50,4
"751",0.999938857200393,8.02634991197094e-05,50,4
"752",0.999937617236733,8.17447632016166e-05,50,4
"753",0.999957811209175,5.53432818963423e-05,50,4
"754",0.999947455159848,6.90251741164589e-05,50,4
"755",0.999926044657147,9.69397994969337e-05,50,4
"756",0.999929064352715,9.30821585830492e-05,50,4
"757",0.999932533544921,8.86931230299701e-05,50,4
"758",0.999946323916751,7.04471615628483e-05,50,4
"759",0.999949199386987,6.66332928050424e-05,50,4
"760",0.99994620443069,7.06346620532333e-05,50,4
"761",0.999962812438498,4.87916255035779e-05,50,4
"762",0.999939924403317,7.87651700674182e-05,50,4
"763",0.999957877251536,5.52714112109615e-05,50,4
"764",0.999908525383576,0.000120078048903442,50,4
"765",0.999949203378665,6.66571098671946e-05,50,4
"766",0.999954136911115,6.01928153250568e-05,50,4
"767",0.999854239330675,0.000191322878636437,50,4
"768",0.999927321774712,9.55128467067629e-05,50,4
"769",0.999961800047558,5.01197728848267e-05,50,4
"770",0.999941302647217,7.69306188090199e-05,50,4
"771",0.999942785199022,7.51083970632413e-05,50,4
"772",0.999970547575549,3.8662329092609e-05,50,4
"773",0.999931182253306,9.02668467467376e-05,50,4
"774",0.999969942980499,3.94270654235699e-05,50,4
"775",0.999922299783642,0.000101827697978566,50,4
"776",0.999938139426627,8.121578903987e-05,50,4
"777",0.999950146584354,6.53471073970802e-05,50,4
"778",0.999873021613153,0.000166384715625325,50,4
"779",0.999886590313597,0.000148771771496613,50,4
"780",0.9999486100141,6.74579324475916e-05,50,4
"781",0.999929247498421,9.26135132743973e-05,50,4
"782",0.999941023240896,7.74225584343729e-05,50,4
"783",0.999883737117533,0.000152438244013125,50,4
"784",0.999920943442146,0.000103913279852594,50,4
"785",0.999956286489812,5.73765099209639e-05,50,4
"786",0.99996155959136,5.04093870704631e-05,50,4
"787",0.999961455176061,5.05213665273041e-05,50,4
"788",0.999953165499298,6.13711155329736e-05,50,4
"789",0.999898922112498,0.000132604454030065,50,4
"790",0.999919137316719,0.000105747171853727,50,4
"791",0.999911841771171,0.000115641637614393,50,4
"792",0.99996153460306,5.04074850625075e-05,50,4
"793",0.99993738168995,8.20796353084865e-05,50,4
"794",0.999964311031921,4.68434631782024e-05,50,4
"795",0.999876127006469,0.00016306623182123,50,4
"796",0.999949899750494,6.57493373010715e-05,50,4
"797",0.999967102598591,4.31625232912414e-05,50,4
"798",0.99993543133484,8.49246983209066e-05,50,4
"799",0.999913951172075,0.000112917918772779,50,4
"800",0.999961810067769,5.00384617946586e-05,50,4
"801",0.999816074445022,0.000329382625007049,1,5
"802",0.999753477709051,0.000440874369097128,1,5
"803",0.99979090953404,0.000374146999839391,1,5
"804",0.999816867176658,0.000328078882058327,1,5
"805",0.999702048555271,0.00053231698175162,1,5
"806",0.99976388633979,0.000421508296572631,1,5
"807",0.999697182387701,0.00054305653371203,1,5
"808",0.999765380943228,0.000419967451193871,1,5
"809",0.999765904855889,0.000419663078297865,1,5
"810",0.9997623919906,0.000423634958035979,1,5
"811",0.999753840014489,0.000442959505502759,1,5
"812",0.99978356409732,0.000388319685582065,1,5
"813",0.999787624222925,0.000379796999370614,1,5
"814",0.999760993769692,0.000427882847123829,1,5
"815",0.99977439214657,0.000402849935264183,1,5
"816",0.99975949080654,0.00042981758035872,1,5
"817",0.999749068140611,0.000449005360576943,1,5
"818",0.99972051720861,0.000499658334519457,1,5
"819",0.99974129194519,0.000462309454784179,1,5
"820",0.999733051340838,0.000476978984157439,1,5
"821",0.999740537356312,0.000462827715983208,1,5
"822",0.999745221667357,0.000455675312416937,1,5
"823",0.999749668570327,0.000446143094309272,1,5
"824",0.999785333520259,0.000383593411357476,1,5
"825",0.999789529801353,0.000378029979319925,1,5
"826",0.999756925653306,0.000434321543116813,1,5
"827",0.99985405429125,0.00026081020205185,1,5
"828",0.999756609397258,0.000434024603277917,1,5
"829",0.999795668008888,0.000364594596183781,1,5
"830",0.99974611199588,0.000454504543253312,1,5
"831",0.999755587579583,0.000437583689869863,1,5
"832",0.999765005277532,0.000420649609640976,1,5
"833",0.999769878996457,0.000411179817652216,1,5
"834",0.999771552882111,0.00040965455901731,1,5
"835",0.999723160751578,0.000493734872753528,1,5
"836",0.999763811395879,0.000422716632222797,1,5
"837",0.999793386043467,0.000370887325718728,1,5
"838",0.99978191577279,0.000390214605625547,1,5
"839",0.999746324404776,0.000454815149652609,1,5
"840",0.999789550480777,0.000376217736048405,1,5
"841",0.999716301789196,0.000507468624464608,1,5
"842",0.999807674157854,0.000343667147752247,1,5
"843",0.999762834049284,0.000424600268383668,1,5
"844",0.999744526506657,0.000456477576703812,1,5
"845",0.999664081518717,0.000597704019978388,1,5
"846",0.999754995745356,0.000438046409865306,1,5
"847",0.99975977031721,0.000430401564601015,1,5
"848",0.999758538365775,0.000430994661735803,1,5
"849",0.999720071548025,0.000501476477462973,1,5
"850",0.999767373347352,0.000417239200586624,1,5
"851",0.999765020888907,0.000420640113366499,1,5
"852",0.999763086157733,0.000423412439333468,1,5
"853",0.999778612543247,0.000396629821779251,1,5
"854",0.99973817831968,0.00047025531739001,1,5
"855",0.999730138147283,0.000482292662420781,1,5
"856",0.999812613791362,0.000336009155959866,1,5
"857",0.999775857662518,0.000402028027711377,1,5
"858",0.99977264682181,0.000407427664240978,1,5
"859",0.999773296466768,0.000406387315648831,1,5
"860",0.99968356244764,0.000567608788685705,1,5
"861",0.99975639201356,0.000436180366939174,1,5
"862",0.999782192772444,0.000388225545715388,1,5
"863",0.999698283173169,0.000539587311940832,1,5
"864",0.999715360339491,0.000509008823199711,1,5
"865",0.999722897926494,0.0004975121850559,1,5
"866",0.999751206601502,0.000443606820759366,1,5
"867",0.999664506916898,0.000599253104199102,1,5
"868",0.999759488479633,0.000429748811981829,1,5
"869",0.99973234620003,0.000478051344253085,1,5
"870",0.999718769988992,0.000502291589507807,1,5
"871",0.999714833813881,0.000511049972044569,1,5
"872",0.999731053932974,0.000480705137433668,1,5
"873",0.999801186543045,0.000355894798521462,1,5
"874",0.999754247767454,0.000439172331339191,1,5
"875",0.999720207162595,0.000500968495147916,1,5
"876",0.999781674752382,0.000390437090877508,1,5
"877",0.999789882996913,0.000376317961793709,1,5
"878",0.999780249088266,0.000393041369284853,1,5
"879",0.999818001557413,0.000326985841378745,1,5
"880",0.999695333046083,0.000545352888633127,1,5
"881",0.999768445715233,0.000413974936864706,1,5
"882",0.999748148882032,0.000451400324490746,1,5
"883",0.999767271765437,0.000416039289187158,1,5
"884",0.999766917541643,0.000417030593010639,1,5
"885",0.99974581979104,0.000453723423899451,1,5
"886",0.999820869308592,0.000320134212366971,1,5
"887",0.999772961175385,0.000405286808060979,1,5
"888",0.999647794323022,0.000630061314932224,1,5
"889",0.999789734370938,0.00037733574991333,1,5
"890",0.999789490737378,0.00037630042463701,1,5
"891",0.999768326897043,0.000413547769761869,1,5
"892",0.999760436330757,0.000428661679445059,1,5
"893",0.999731973857455,0.000480446379610203,1,5
"894",0.999772139177736,0.000408759225924322,1,5
"895",0.999715690259174,0.000510315252596678,1,5
"896",0.999825854264811,0.000311611536779115,1,5
"897",0.99968031169261,0.000572617425802368,1,5
"898",0.999709324904679,0.000521983734404015,1,5
"899",0.999751629301216,0.000444220949089651,1,5
"900",0.999704610892898,0.000529319728940901,1,5
"901",0.999714671442819,0.000509821149144427,10,5
"902",0.999780803852665,0.000392985783428298,10,5
"903",0.999801928885096,0.000354542870919005,10,5
"904",0.999725739858713,0.000489852628318435,10,5
"905",0.999807832147322,0.000344388495801541,10,5
"906",0.999737262714281,0.000469474726792122,10,5
"907",0.999801439080259,0.000354662736582994,10,5
"908",0.999745125400188,0.000454633456722183,10,5
"909",0.99978232735225,0.000389807320976387,10,5
"910",0.999715390373194,0.000508204920592269,10,5
"911",0.999774713529897,0.000404170752952219,10,5
"912",0.999811314525751,0.00033758135041746,10,5
"913",0.999728065900732,0.000485718949675266,10,5
"914",0.999792048537157,0.000372770464165679,10,5
"915",0.999743474468978,0.000459152898721038,10,5
"916",0.999736030583901,0.000473131001599595,10,5
"917",0.999748674524165,0.000450068956108453,10,5
"918",0.999655739447316,0.000613387683207987,10,5
"919",0.999764826172294,0.000419516315094415,10,5
"920",0.999764194160944,0.00042369560151237,10,5
"921",0.999765144049768,0.000420823224838766,10,5
"922",0.999750374662331,0.00044702818815987,10,5
"923",0.999783783772254,0.000386690731977111,10,5
"924",0.999776189646763,0.000400483078280893,10,5
"925",0.999765933774357,0.000418463487154262,10,5
"926",0.999663010841305,0.000605469967901717,10,5
"927",0.999788515370709,0.000378776336315733,10,5
"928",0.999645894133126,0.000632582709508801,10,5
"929",0.9997892579577,0.000377372798761393,10,5
"930",0.999805272550064,0.000348796978361957,10,5
"931",0.999742210400741,0.000462650536737445,10,5
"932",0.999774534178314,0.000401963327234196,10,5
"933",0.999795734251045,0.000365771534640116,10,5
"934",0.999806352977781,0.000346239692022109,10,5
"935",0.999709168618871,0.00052063469418944,10,5
"936",0.999773289127909,0.000404423076665843,10,5
"937",0.999784503876635,0.000386427373006073,10,5
"938",0.999755568344236,0.000437543231600931,10,5
"939",0.999783146120319,0.000389687235062732,10,5
"940",0.999806472339493,0.000346530235433598,10,5
"941",0.999759018968152,0.000432085627839222,10,5
"942",0.999688097214148,0.000556192277566057,10,5
"943",0.999732617912845,0.000478775401975297,10,5
"944",0.99974572567844,0.000456124600221418,10,5
"945",0.999731239394346,0.000480507597946352,10,5
"946",0.999731548672032,0.000479744389834772,10,5
"947",0.999799107276639,0.000359364918527517,10,5
"948",0.999797479791929,0.000364217618422542,10,5
"949",0.999814359978576,0.000330824577187816,10,5
"950",0.999768078673862,0.000415444676420589,10,5
"951",0.999810813367856,0.000339230789483363,10,5
"952",0.999815123206528,0.000329574727270772,10,5
"953",0.999798170036766,0.000362209821801563,10,5
"954",0.999710990642681,0.000516745536198182,10,5
"955",0.999794709970427,0.000367780643840022,10,5
"956",0.999764186275706,0.000422035562741525,10,5
"957",0.999805969429436,0.000346649977594111,10,5
"958",0.999753803541383,0.00043990953894655,10,5
"959",0.999685056311518,0.000563698434522379,10,5
"960",0.999810302032544,0.000339429115097398,10,5
"961",0.999766481958312,0.000418543594218031,10,5
"962",0.999809964782125,0.00034018951576524,10,5
"963",0.999797344114938,0.000362698130070035,10,5
"964",0.999804976779323,0.000349279236542691,10,5
"965",0.999834527332571,0.000296459377467377,10,5
"966",0.999646698115266,0.000630401375714949,10,5
"967",0.999728488791642,0.000485441468315245,10,5
"968",0.999802900487695,0.000353150657929764,10,5
"969",0.999730045990986,0.000482423279418444,10,5
"970",0.999815990436557,0.000328444140345342,10,5
"971",0.9997721886529,0.000407933458880382,10,5
"972",0.999762259841199,0.000426193837887203,10,5
"973",0.999762975505773,0.000424334557798332,10,5
"974",0.999741744953366,0.000462618886862319,10,5
"975",0.999699021972135,0.00053869817036984,10,5
"976",0.999740544904916,0.000463533047627641,10,5
"977",0.999796571554209,0.000363900502281319,10,5
"978",0.999756608593968,0.000436322227100459,10,5
"979",0.999751275598831,0.000446556934242927,10,5
"980",0.999768624388282,0.000414440959412315,10,5
"981",0.999703898246984,0.000531087168815396,10,5
"982",0.99977798678866,0.000396375355774209,10,5
"983",0.999720207402624,0.000502200467984216,10,5
"984",0.999777194675406,0.000398057321282843,10,5
"985",0.999776807782768,0.000400381465855742,10,5
"986",0.999782033070305,0.000389962431871447,10,5
"987",0.999803577956832,0.000350973902417092,10,5
"988",0.999779453797911,0.000394277842708257,10,5
"989",0.999731443208345,0.00047999082086686,10,5
"990",0.999757877118395,0.000433184688877618,10,5
"991",0.999777149368031,0.00039855510762821,10,5
"992",0.999775338252562,0.000401084112139435,10,5
"993",0.999770627378123,0.000410167776342705,10,5
"994",0.999751945804874,0.000444581468783868,10,5
"995",0.999759860997217,0.000429729775517185,10,5
"996",0.999626462376204,0.000667321739611963,10,5
"997",0.999754909400499,0.000439092524537656,10,5
"998",0.999736224461381,0.000471807579534893,10,5
"999",0.999822325733653,0.000317898448953075,10,5
"1000",0.999663565592164,0.000601119041563415,10,5
"1001",0.999816682198485,0.000328291838605658,30,5
"1002",0.999769538605627,0.000411786322781981,30,5
"1003",0.99981680259174,0.000328549405909917,30,5
"1004",0.999803194864769,0.000351763354693931,30,5
"1005",0.999802877702444,0.000353201027922374,30,5
"1006",0.999758850787319,0.000432133363635764,30,5
"1007",0.999740518952574,0.00046384436143151,30,5
"1008",0.999742574797228,0.000460913307387392,30,5
"1009",0.999806595914961,0.000345394322638154,30,5
"1010",0.999725880326436,0.000491598885992721,30,5
"1011",0.999688635068447,0.000557592431131634,30,5
"1012",0.999701930366022,0.000532661505623816,30,5
"1013",0.999772577396365,0.000408245284501023,30,5
"1014",0.999766953808966,0.000417098631287967,30,5
"1015",0.999711876210079,0.000513087254787011,30,5
"1016",0.999797029145825,0.000362077536617448,30,5
"1017",0.999766028460687,0.000420569938899624,30,5
"1018",0.99976227605307,0.000426358149185896,30,5
"1019",0.999759704343057,0.000430582441971601,30,5
"1020",0.999732594792088,0.000477893943424808,30,5
"1021",0.999739329338972,0.000466578054884983,30,5
"1022",0.999801838763845,0.000354850190968054,30,5
"1023",0.999790470744228,0.000373925016883121,30,5
"1024",0.999803237215259,0.000351757487751275,30,5
"1025",0.999767390663355,0.000416118924304134,30,5
"1026",0.999776341777006,0.000400323846882895,30,5
"1027",0.999795853393518,0.000365948377349863,30,5
"1028",0.999765826938379,0.000418882843288091,30,5
"1029",0.99970462564707,0.000527508761683016,30,5
"1030",0.999809134706915,0.000340747345571766,30,5
"1031",0.999752406520729,0.000443197799694382,30,5
"1032",0.999768811635592,0.000413697593595124,30,5
"1033",0.999803936616699,0.000350577556174739,30,5
"1034",0.99977590171353,0.000401465022407152,30,5
"1035",0.999713993431469,0.000511467195253943,30,5
"1036",0.999825346836404,0.00031230327988802,30,5
"1037",0.999765035637047,0.000419714015980704,30,5
"1038",0.999756917849256,0.000434060403286204,30,5
"1039",0.999744188753931,0.000458000784896057,30,5
"1040",0.999753212410462,0.00044239958985402,30,5
"1041",0.999826903560326,0.000309801716887419,30,5
"1042",0.999710167948576,0.000520496551019536,30,5
"1043",0.999847039781947,0.000273638115462462,30,5
"1044",0.999835777653568,0.000293176943194964,30,5
"1045",0.999716858406711,0.000505963117889503,30,5
"1046",0.999811027086643,0.000337790028656028,30,5
"1047",0.999803494760779,0.000351119811640561,30,5
"1048",0.999696615186863,0.000544195005190576,30,5
"1049",0.999784952091873,0.000385034705799345,30,5
"1050",0.999752969935945,0.000441266130892217,30,5
"1051",0.999789970580469,0.000377264871651233,30,5
"1052",0.999745719265012,0.000455400563879362,30,5
"1053",0.999792524483165,0.000371918900575262,30,5
"1054",0.999819142516967,0.000322954568204237,30,5
"1055",0.999694794819027,0.000546243767530305,30,5
"1056",0.999718061154164,0.000504903651067012,30,5
"1057",0.999732317259902,0.000479348393270125,30,5
"1058",0.999736808958768,0.000471255541525183,30,5
"1059",0.99978073874105,0.000392676833232402,30,5
"1060",0.99981025213799,0.000340486073241671,30,5
"1061",0.999786897353102,0.000380554839092101,30,5
"1062",0.999708124606418,0.000524447859869479,30,5
"1063",0.999724034453754,0.000492661942599052,30,5
"1064",0.999801464997468,0.000355201108300063,30,5
"1065",0.999822759982125,0.000317345489914387,30,5
"1066",0.999804221395222,0.000350264451788967,30,5
"1067",0.999799296478514,0.000359788321526483,30,5
"1068",0.999720635615092,0.00050081668845711,30,5
"1069",0.999728289332662,0.000486631114238977,30,5
"1070",0.999770635663606,0.000410655384898456,30,5
"1071",0.999720438776474,0.000499576615701465,30,5
"1072",0.999783042618411,0.000387548914901772,30,5
"1073",0.999727949008383,0.000486941348041729,30,5
"1074",0.999803352183738,0.000352617394822874,30,5
"1075",0.999808330987087,0.000342409691104209,30,5
"1076",0.999767188623486,0.000416482658759338,30,5
"1077",0.999763057056662,0.000422953671682296,30,5
"1078",0.999770377801246,0.000410305127924743,30,5
"1079",0.999771133432906,0.000410582954240484,30,5
"1080",0.999835425546086,0.000293946655236559,30,5
"1081",0.999709386064725,0.000520294040539612,30,5
"1082",0.999712604535866,0.000512985177225856,30,5
"1083",0.99978354903155,0.00038711850048355,30,5
"1084",0.999789537274966,0.000377578330544129,30,5
"1085",0.999765633095963,0.000418183082114341,30,5
"1086",0.999762726818065,0.00042444276013914,30,5
"1087",0.999763665203992,0.000422254375706609,30,5
"1088",0.99974149412621,0.0004619353553511,30,5
"1089",0.999786808644368,0.000382220093719686,30,5
"1090",0.99976970076342,0.000413240113205921,30,5
"1091",0.999741156027936,0.000463700095501445,30,5
"1092",0.999712343783987,0.000513388349546767,30,5
"1093",0.999786748814943,0.00038165697646392,30,5
"1094",0.999748850876432,0.000450933017110245,30,5
"1095",0.999741824867186,0.000461755684713721,30,5
"1096",0.99974259336958,0.000460896825291296,30,5
"1097",0.999750531142081,0.000447752590524083,30,5
"1098",0.999784410625739,0.000385686817441912,30,5
"1099",0.999746701055129,0.00045336359195605,30,5
"1100",0.999752566676897,0.000443809648091437,30,5
"1101",0.999807916588035,0.000343934068072739,50,5
"1102",0.999802447984521,0.000352774264639069,50,5
"1103",0.999747465496088,0.000451381265418577,50,5
"1104",0.999670896354024,0.000588578467863475,50,5
"1105",0.999805324791423,0.000347441658614006,50,5
"1106",0.99979158658499,0.000372766076482418,50,5
"1107",0.999676016964032,0.000579068447639662,50,5
"1108",0.999817524672645,0.000326587162687908,50,5
"1109",0.999771378893241,0.000409767928492381,50,5
"1110",0.999715927578501,0.000509343087878327,50,5
"1111",0.999802202234435,0.000353493722217286,50,5
"1112",0.999807493224352,0.000344243630743239,50,5
"1113",0.999674602438412,0.000583732467100386,50,5
"1114",0.999747319393579,0.000453263003957195,50,5
"1115",0.999778758670175,0.000396201163908487,50,5
"1116",0.999828723003763,0.000306355153800564,50,5
"1117",0.999712992571643,0.000513570110145043,50,5
"1118",0.999727329198502,0.000488286031924067,50,5
"1119",0.99976115252341,0.000427145083085444,50,5
"1120",0.999822134340474,0.000318658745229264,50,5
"1121",0.999770076936492,0.0004107425691361,50,5
"1122",0.999760075399986,0.000429906464752135,50,5
"1123",0.999763858714332,0.000420782523002408,50,5
"1124",0.999811737105183,0.000337485368771928,50,5
"1125",0.999810329487179,0.000339218197113112,50,5
"1126",0.999795476019689,0.000366132475285873,50,5
"1127",0.999769195114022,0.000413288188711153,50,5
"1128",0.999781956297871,0.000389901672858186,50,5
"1129",0.999744731811009,0.000456376789549418,50,5
"1130",0.999751542987967,0.000444820291264126,50,5
"1131",0.999776016463829,0.000400811797812299,50,5
"1132",0.999776459632855,0.000400405883449442,50,5
"1133",0.99973635778568,0.000471840493290324,50,5
"1134",0.999754174582094,0.00043985536922285,50,5
"1135",0.999805272690514,0.000347467232853253,50,5
"1136",0.999715784531054,0.000509083428224089,50,5
"1137",0.999791789185358,0.00037323626054189,50,5
"1138",0.999807453618176,0.000345055918966373,50,5
"1139",0.999794931527228,0.000367623758650052,50,5
"1140",0.999701769690618,0.000534843867706234,50,5
"1141",0.999777375968718,0.00039813715504206,50,5
"1142",0.99970742980726,0.00052362821460186,50,5
"1143",0.999740406747228,0.000465959858402281,50,5
"1144",0.999749293255786,0.000447969352477354,50,5
"1145",0.999789386355944,0.000377801042924155,50,5
"1146",0.999777864629651,0.000397744071849312,50,5
"1147",0.999770797180058,0.000409631129475763,50,5
"1148",0.999779302050629,0.000395125928101718,50,5
"1149",0.999770945412807,0.000409450362509965,50,5
"1150",0.999746929038267,0.000452802295571835,50,5
"1151",0.999769085378871,0.000413161079163025,50,5
"1152",0.999757171694589,0.000434430665816269,50,5
"1153",0.999789860196963,0.000376491359616611,50,5
"1154",0.99983570948325,0.000294440031660279,50,5
"1155",0.999790744068021,0.000375559437955198,50,5
"1156",0.999758084680602,0.000432948785416469,50,5
"1157",0.999731501220739,0.000481218496422666,50,5
"1158",0.999764400606986,0.000421969680944022,50,5
"1159",0.999805263138605,0.000348402492315551,50,5
"1160",0.999788767697751,0.000378361072501904,50,5
"1161",0.999725904511683,0.000491795439453297,50,5
"1162",0.999725614823637,0.000491371875243682,50,5
"1163",0.999740529524719,0.000463406591502225,50,5
"1164",0.999723591830329,0.000494367050693192,50,5
"1165",0.999712048440681,0.000515407900240599,50,5
"1166",0.9997637753194,0.000421037836971187,50,5
"1167",0.999693943133757,0.000549448284532008,50,5
"1168",0.999771282624137,0.000409773667909866,50,5
"1169",0.999772281625956,0.000407879567769992,50,5
"1170",0.999801019819329,0.000357497521122197,50,5
"1171",0.999768777922518,0.000413459748356631,50,5
"1172",0.999797506161856,0.000362828874856951,50,5
"1173",0.999776975440529,0.000400078045696523,50,5
"1174",0.999734979071477,0.000474610593290127,50,5
"1175",0.999739127354435,0.000464295592550646,50,5
"1176",0.999762682660393,0.000425294193934838,50,5
"1177",0.999743096788882,0.000459233037988651,50,5
"1178",0.999795349088981,0.000366144613631238,50,5
"1179",0.99975283118102,0.000443999167860591,50,5
"1180",0.999755470452091,0.000437507340950333,50,5
"1181",0.999726971405286,0.000488237669576474,50,5
"1182",0.999768060554193,0.000414520901965877,50,5
"1183",0.999766549775455,0.000418734174085596,50,5
"1184",0.999724720684726,0.000492128234603885,50,5
"1185",0.999758596251663,0.000431775472207273,50,5
"1186",0.999786722904859,0.000381127844235815,50,5
"1187",0.999770267519236,0.000410952703080934,50,5
"1188",0.999819374784716,0.000323362661925284,50,5
"1189",0.999722545205852,0.000497260866986551,50,5
"1190",0.999788047151199,0.000379353254674209,50,5
"1191",0.999731054863005,0.000480826650605887,50,5
"1192",0.999776207149252,0.000398282098250989,50,5
"1193",0.999705880664934,0.000524880757091289,50,5
"1194",0.999764311858349,0.000421664940957442,50,5
"1195",0.999731947133242,0.000479919633991753,50,5
"1196",0.999819083132178,0.000323024979922737,50,5
"1197",0.999779958770938,0.000393873920101696,50,5
"1198",0.999808158412829,0.000343827524960404,50,5
"1199",0.999639811344665,0.000644029095220148,50,5
"1200",0.999787382003598,0.000381174924650851,50,5
"1201",0.998880234627506,0.00268140558800591,1,6
"1202",0.998852036438259,0.00275076560776718,1,6
"1203",0.998915631650446,0.00260211558502313,1,6
"1204",0.998900055617076,0.00263661017860299,1,6
"1205",0.998873742125943,0.00269001527000134,1,6
"1206",0.99881587006375,0.00283414902156945,1,6
"1207",0.998878578272936,0.00269956712335081,1,6
"1208",0.998862474598883,0.00272693211758868,1,6
"1209",0.99894114367743,0.00253394332856292,1,6
"1210",0.998855766421969,0.0027442307169572,1,6
"1211",0.998931647114813,0.00255541451394579,1,6
"1212",0.99877454438911,0.00293702352499637,1,6
"1213",0.998965295283064,0.00247268584091792,1,6
"1214",0.998918585847045,0.00259054744098775,1,6
"1215",0.998901293938451,0.00262355592768434,1,6
"1216",0.998986221943262,0.00242819828427825,1,6
"1217",0.998901205542651,0.00264248977412965,1,6
"1218",0.999038978244794,0.00229592864028104,1,6
"1219",0.99895606152474,0.00249830003270671,1,6
"1220",0.998837884465198,0.00278598853067433,1,6
"1221",0.998902567076648,0.00262903899334852,1,6
"1222",0.998992190796543,0.00241343241910154,1,6
"1223",0.998894619213337,0.00265254673228714,1,6
"1224",0.99896057067206,0.00247902991519545,1,6
"1225",0.998841217927267,0.00278391251551901,1,6
"1226",0.998909418119999,0.0026174520041602,1,6
"1227",0.998857895920937,0.00273772428979692,1,6
"1228",0.998903182805909,0.00263334260627923,1,6
"1229",0.998763344698068,0.00297229667653612,1,6
"1230",0.99888539955958,0.00266975533523232,1,6
"1231",0.99895143737139,0.00251153702330427,1,6
"1232",0.99889884812156,0.00263525832829761,1,6
"1233",0.998835286196467,0.00279105634066433,1,6
"1234",0.998889137697864,0.0026608023441405,1,6
"1235",0.998824247535917,0.00281612826400211,1,6
"1236",0.998939287108441,0.00253456132083434,1,6
"1237",0.998918627972515,0.00258942705733356,1,6
"1238",0.998847273002248,0.00276282698187251,1,6
"1239",0.998938944777419,0.00254281166140407,1,6
"1240",0.998968515884179,0.0024734616112757,1,6
"1241",0.998971216946734,0.00246633886625534,1,6
"1242",0.998893128002908,0.00264709461739648,1,6
"1243",0.998877346931196,0.00269273109196269,1,6
"1244",0.998888963270113,0.0026532875936085,1,6
"1245",0.998945764022729,0.0025270231590506,1,6
"1246",0.998971487835266,0.00246298520547407,1,6
"1247",0.998843354320735,0.00277279729773887,1,6
"1248",0.998926902527248,0.00256922878087171,1,6
"1249",0.998808606381341,0.00286109091623849,1,6
"1250",0.99894013785338,0.00253507078680194,1,6
"1251",0.998873485825375,0.0027048650027934,1,6
"1252",0.998969553689913,0.00247756334743173,1,6
"1253",0.998923671315758,0.00257355973029704,1,6
"1254",0.998874138677744,0.00269836754953364,1,6
"1255",0.999072279753857,0.00221667588164131,1,6
"1256",0.998904055032227,0.00263261806361789,1,6
"1257",0.998829922156179,0.00280885019357215,1,6
"1258",0.998907717088971,0.00262281061010564,1,6
"1259",0.998896417084325,0.00264005106553278,1,6
"1260",0.999025781727926,0.00233740022407446,1,6
"1261",0.998990301384572,0.00242233032331947,1,6
"1262",0.998879742111085,0.00268376318212687,1,6
"1263",0.99893143910174,0.00255980355349531,1,6
"1264",0.99896899646092,0.00247043799942808,1,6
"1265",0.99895510271836,0.00250878472664699,1,6
"1266",0.998911459574444,0.00260646476527708,1,6
"1267",0.998786117431333,0.00291601940303978,1,6
"1268",0.998939572382873,0.00254410526524512,1,6
"1269",0.999065523534498,0.00224273479366858,1,6
"1270",0.998837626369646,0.00277849853307808,1,6
"1271",0.999033481566316,0.00231303356403366,1,6
"1272",0.998797292873497,0.00288146570407977,1,6
"1273",0.998876492379802,0.00269112942927662,1,6
"1274",0.998846281977482,0.00276951553920774,1,6
"1275",0.99888821544837,0.00267157992504154,1,6
"1276",0.998951476425957,0.00251523408223873,1,6
"1277",0.998925182710955,0.0025739509606716,1,6
"1278",0.998841338514895,0.00277845450472532,1,6
"1279",0.99890702701939,0.00261352608643084,1,6
"1280",0.998865684166281,0.0027153812599056,1,6
"1281",0.998914678761454,0.00259764241606697,1,6
"1282",0.998726693993565,0.00305169855928563,1,6
"1283",0.998973990208166,0.00246258479515878,1,6
"1284",0.998954882588271,0.00250771327867594,1,6
"1285",0.998901675299724,0.00264157543092157,1,6
"1286",0.99896968865797,0.00247266026061711,1,6
"1287",0.998761738257752,0.00297734724366539,1,6
"1288",0.998937289005496,0.00255175639942238,1,6
"1289",0.998915032094302,0.0025977615330085,1,6
"1290",0.99897345293097,0.00245650384452502,1,6
"1291",0.99877537010797,0.00293050337101881,1,6
"1292",0.998908205809063,0.00260880669862886,1,6
"1293",0.998913234360427,0.00260037539512231,1,6
"1294",0.99873150103625,0.00303958983218989,1,6
"1295",0.998898947726812,0.00262979164079109,1,6
"1296",0.998917161402617,0.00258890141056885,1,6
"1297",0.999002767307117,0.00238618706669147,1,6
"1298",0.99895751966406,0.00250087551397142,1,6
"1299",0.998842753965916,0.00277214332479531,1,6
"1300",0.998839422588382,0.00278077264201035,1,6
"1301",0.998885462534971,0.00267489028869547,10,6
"1302",0.999043093474577,0.0022918917192727,10,6
"1303",0.998939636600796,0.00254131466004397,10,6
"1304",0.998925787427691,0.00256955136741536,10,6
"1305",0.99892638439808,0.00257530057026972,10,6
"1306",0.998808694176804,0.00285096193040586,10,6
"1307",0.998810330130459,0.00284660458554596,10,6
"1308",0.998894410898351,0.00265464010422315,10,6
"1309",0.998875011753421,0.0026976255306447,10,6
"1310",0.998940230451788,0.00253101198769836,10,6
"1311",0.998956456586095,0.00250131688342698,10,6
"1312",0.998979937007198,0.00243601252291065,10,6
"1313",0.998919323792409,0.00258549914433764,10,6
"1314",0.999075363163072,0.00221424827201909,10,6
"1315",0.998871670959404,0.00270239023465039,10,6
"1316",0.99887382069496,0.00269645186468882,10,6
"1317",0.998978316180852,0.00244623925475468,10,6
"1318",0.998876938511229,0.00269427144812258,10,6
"1319",0.998991495568698,0.002424617246586,10,6
"1320",0.998944269863478,0.0025246401351321,10,6
"1321",0.998917857396877,0.00259365334991025,10,6
"1322",0.99901102263801,0.00236594031180039,10,6
"1323",0.998954470629809,0.00250432455375916,10,6
"1324",0.998971586263878,0.00246820931703916,10,6
"1325",0.998890308618248,0.00265620986337251,10,6
"1326",0.998793593867454,0.0028940376155644,10,6
"1327",0.998830105836345,0.0027973442769013,10,6
"1328",0.998887020557757,0.002660245390615,10,6
"1329",0.998832122959123,0.00279631238463444,10,6
"1330",0.998821768601612,0.00282033153805302,10,6
"1331",0.998971007566091,0.002465853491177,10,6
"1332",0.998984718056508,0.00243726538642374,10,6
"1333",0.998771419406841,0.00294030453545156,10,6
"1334",0.998901168014654,0.00262925672667022,10,6
"1335",0.998891974629259,0.0026441913658421,10,6
"1336",0.998933514268142,0.00254872729729023,10,6
"1337",0.998915564281481,0.00259623840038105,10,6
"1338",0.998896661368515,0.00265256429796979,10,6
"1339",0.998940361289449,0.00253123447368094,10,6
"1340",0.998787357374377,0.00289745802112417,10,6
"1341",0.998878044148679,0.00269357427362536,10,6
"1342",0.998965236847024,0.00247629409192363,10,6
"1343",0.998765013154284,0.00295618216136763,10,6
"1344",0.999022799591017,0.002338107961024,10,6
"1345",0.998814848759359,0.00283318495715219,10,6
"1346",0.998845569423219,0.00276858258436303,10,6
"1347",0.998823113163266,0.00281683794682165,10,6
"1348",0.998944861108406,0.00252643102437946,10,6
"1349",0.998952504581066,0.00250038353705366,10,6
"1350",0.998932019844039,0.00256460163445368,10,6
"1351",0.998800686983758,0.0028793390457753,10,6
"1352",0.99889592620738,0.00265788949885578,10,6
"1353",0.998848363010489,0.00276077857925884,10,6
"1354",0.998878332202311,0.0026824186227321,10,6
"1355",0.998934787947707,0.00254728041108037,10,6
"1356",0.998921715937381,0.00258670503998922,10,6
"1357",0.999075312877382,0.00221676280186234,10,6
"1358",0.998874591565083,0.00269233031637774,10,6
"1359",0.998871679089366,0.002701802204741,10,6
"1360",0.999039288960955,0.00229249046576649,10,6
"1361",0.998833807145622,0.00279449395530737,10,6
"1362",0.998879694611984,0.00267763391820452,10,6
"1363",0.999012360573729,0.00236955009383387,10,6
"1364",0.99881357953565,0.00283431666646379,10,6
"1365",0.998963513459638,0.00248423581415609,10,6
"1366",0.998988313959848,0.00242222217708446,10,6
"1367",0.998891651364044,0.00265824876191411,10,6
"1368",0.999018071841751,0.00234835415580837,10,6
"1369",0.99890499595578,0.00262364241156769,10,6
"1370",0.998974160790154,0.00246047011638715,10,6
"1371",0.998865259191266,0.00272049051335061,10,6
"1372",0.998899451489137,0.00263664118852732,10,6
"1373",0.998964104188555,0.002480259968974,10,6
"1374",0.998933929860878,0.00254795899979768,10,6
"1375",0.99895100744735,0.00251184921349691,10,6
"1376",0.998983555215536,0.00242934411517696,10,6
"1377",0.998927776776018,0.00256692728898056,10,6
"1378",0.99885087481203,0.00273947945271487,10,6
"1379",0.998754105809481,0.00298589095504155,10,6
"1380",0.998968800038762,0.00247568946815741,10,6
"1381",0.998840143581627,0.00278515681393128,10,6
"1382",0.998920835629974,0.00258326611600528,10,6
"1383",0.998783684768893,0.00292170939838558,10,6
"1384",0.998854567145104,0.00274670571022549,10,6
"1385",0.998838785293786,0.00278113211506828,10,6
"1386",0.99877861915447,0.00292945456310431,10,6
"1387",0.998892540959688,0.00264709693581927,10,6
"1388",0.998783038014752,0.002912522440463,10,6
"1389",0.998871152672611,0.00270286489272093,10,6
"1390",0.998946833102677,0.00252348350876136,10,6
"1391",0.998964584430463,0.00248147255878582,10,6
"1392",0.998956191480045,0.00250426416785958,10,6
"1393",0.998950769847804,0.00251599427316121,10,6
"1394",0.998912583865792,0.00260640327478644,10,6
"1395",0.999031356769378,0.00232166830839907,10,6
"1396",0.998930746504653,0.00256415074683047,10,6
"1397",0.999025985169481,0.00232275367374603,10,6
"1398",0.998961094754639,0.00248031238091422,10,6
"1399",0.998934590688074,0.00255583503230612,10,6
"1400",0.999001637378464,0.00239293657472882,10,6
"1401",0.998896173970719,0.00264662575928542,30,6
"1402",0.998968803177942,0.00246382391156908,30,6
"1403",0.998743984370678,0.0030107407569056,30,6
"1404",0.998950405910831,0.0025134115818852,30,6
"1405",0.998877158344232,0.00269089246762526,30,6
"1406",0.999022728311032,0.00233332628519684,30,6
"1407",0.998877038929381,0.00269117367596864,30,6
"1408",0.998823790623644,0.0028085319463803,30,6
"1409",0.998902424682444,0.00262956863735259,30,6
"1410",0.998950950400463,0.00250929276049625,30,6
"1411",0.998927346108674,0.00257318497945447,30,6
"1412",0.998849204397515,0.00276028923935847,30,6
"1413",0.99901127902496,0.0023710866444433,30,6
"1414",0.998901147468258,0.00263479905066598,30,6
"1415",0.998915155571669,0.00260129823542709,30,6
"1416",0.998960616963346,0.00249396328357162,30,6
"1417",0.9989356814857,0.00255883109756642,30,6
"1418",0.998883831086425,0.00267097399135659,30,6
"1419",0.998931710286873,0.00256478588497991,30,6
"1420",0.999021916193415,0.0023439133153639,30,6
"1421",0.998924617121835,0.0025772978326735,30,6
"1422",0.998909890894188,0.00261802300842241,30,6
"1423",0.998802514184577,0.00287119439364132,30,6
"1424",0.998861288904592,0.00272078444372071,30,6
"1425",0.999006246950425,0.00238880991641487,30,6
"1426",0.998876381844128,0.00268643611407239,30,6
"1427",0.998991974446651,0.00241203530182922,30,6
"1428",0.998907981488503,0.00261439208450464,30,6
"1429",0.998959819340766,0.00249493811687777,30,6
"1430",0.998892014918084,0.00265271364679505,30,6
"1431",0.998827962215134,0.00280799963018088,30,6
"1432",0.998825002025371,0.00281927418895779,30,6
"1433",0.998858341473912,0.00273570612971653,30,6
"1434",0.998945235681732,0.00252480227030458,30,6
"1435",0.998970434290621,0.00246771525993867,30,6
"1436",0.998828195387022,0.00281113631980995,30,6
"1437",0.998824898025383,0.00280806699762615,30,6
"1438",0.998894396921675,0.00264865527965076,30,6
"1439",0.99900875711061,0.00237411676071634,30,6
"1440",0.998930105469084,0.00255878780061855,30,6
"1441",0.998935117548584,0.00254121549106055,30,6
"1442",0.998886764253851,0.00266617724756834,30,6
"1443",0.999007378549593,0.00238178242901938,30,6
"1444",0.998930589263187,0.00256259225446783,30,6
"1445",0.998843015207542,0.00277523165693423,30,6
"1446",0.998953245788736,0.00251084743736912,30,6
"1447",0.998983215757626,0.00244200465279815,30,6
"1448",0.998815899360777,0.00283735146097831,30,6
"1449",0.999009314081071,0.00236941543073501,30,6
"1450",0.998879708146065,0.0026776708288495,30,6
"1451",0.99893633587195,0.00255362711586215,30,6
"1452",0.999034023515158,0.00230663014259174,30,6
"1453",0.998968649845154,0.00247300093735413,30,6
"1454",0.998971318335369,0.00246804669290642,30,6
"1455",0.998984496860682,0.0024305939368429,30,6
"1456",0.998905160774405,0.00262252788957949,30,6
"1457",0.998938889334229,0.00254502513941454,30,6
"1458",0.998905002220405,0.00261609273431698,30,6
"1459",0.998954864173227,0.00250614172636155,30,6
"1460",0.998961726586434,0.00248678142136561,30,6
"1461",0.999008949482518,0.00237817149140225,30,6
"1462",0.998954619434033,0.00250421654073302,30,6
"1463",0.998890853330771,0.0026596615558484,30,6
"1464",0.998849651478197,0.00275453733780313,30,6
"1465",0.998981608616646,0.00243162248646028,30,6
"1466",0.998862212802791,0.00273234107144869,30,6
"1467",0.998925195034349,0.00257527703511054,30,6
"1468",0.998954543215063,0.00250670921688608,30,6
"1469",0.998880960972335,0.00266777134452543,30,6
"1470",0.998909847249724,0.00261714351484963,30,6
"1471",0.998959509599591,0.00249267902047121,30,6
"1472",0.998881244828569,0.00269344459898624,30,6
"1473",0.998981679017921,0.00244164297315432,30,6
"1474",0.999030204583357,0.00232175459562326,30,6
"1475",0.998937129568852,0.00254122749802096,30,6
"1476",0.998959920882954,0.00249665721173228,30,6
"1477",0.998902065572357,0.00262358810065245,30,6
"1478",0.998810785957031,0.0028560844417251,30,6
"1479",0.998844288214394,0.00277502212082136,30,6
"1480",0.99882756798016,0.002815833550263,30,6
"1481",0.998954250598516,0.00250234858002543,30,6
"1482",0.9988416834142,0.00277159557564157,30,6
"1483",0.998898394699478,0.00263774163712119,30,6
"1484",0.998994855499146,0.00241324203803923,30,6
"1485",0.999014762805946,0.00236538355059381,30,6
"1486",0.999022381904475,0.002343574649262,30,6
"1487",0.998866735825293,0.00271632464960816,30,6
"1488",0.998836474155677,0.00278755114327666,30,6
"1489",0.998974491646521,0.00245265143648257,30,6
"1490",0.998862438979582,0.00272330924248976,30,6
"1491",0.999007615514779,0.00237905049374744,30,6
"1492",0.998941030876434,0.00252887615324718,30,6
"1493",0.998990911601348,0.00241425098036531,30,6
"1494",0.998861420378946,0.00271974570734479,30,6
"1495",0.99886491146217,0.00273174573406863,30,6
"1496",0.998968002283188,0.00246757865097145,30,6
"1497",0.99889659021708,0.0026375880668686,30,6
"1498",0.999058511089774,0.00225813515232949,30,6
"1499",0.998832521798061,0.00279896720549787,30,6
"1500",0.998994123442918,0.00241033129158611,30,6
"1501",0.998923155579944,0.00258015147705489,50,6
"1502",0.999006259876692,0.00239058138126565,50,6
"1503",0.998853846948198,0.00274827227660861,50,6
"1504",0.998878560527859,0.00267717323209755,50,6
"1505",0.998930983451615,0.00255686772870812,50,6
"1506",0.998980172505813,0.00243447255779436,50,6
"1507",0.998890280546619,0.0026601095547341,50,6
"1508",0.998884251931552,0.00266824185623954,50,6
"1509",0.998913116556246,0.00260697658475334,50,6
"1510",0.99888357229229,0.00268017336241011,50,6
"1511",0.998779770450407,0.00292173160937582,50,6
"1512",0.9987869902616,0.00289616705958661,50,6
"1513",0.998985566074828,0.00242436936820931,50,6
"1514",0.998925410655746,0.00258573538408653,50,6
"1515",0.998919458220011,0.00258971818866338,50,6
"1516",0.998820578332356,0.00283432817900605,50,6
"1517",0.998955528775012,0.00251074288353067,50,6
"1518",0.998888955948685,0.00266342268650438,50,6
"1519",0.998937138141144,0.00254675143627611,50,6
"1520",0.998827989649405,0.00280647531546654,50,6
"1521",0.998929429088969,0.00256228456576122,50,6
"1522",0.998960055856747,0.00249184234102468,50,6
"1523",0.998848430032527,0.00275986328151262,50,6
"1524",0.998919848728597,0.00258393792631412,50,6
"1525",0.99892752173573,0.00256117055336853,50,6
"1526",0.998923077692532,0.00258193219449102,50,6
"1527",0.998762240851304,0.00297232091135204,50,6
"1528",0.998830621636365,0.00280116799226544,50,6
"1529",0.998763251526114,0.00294819116727271,50,6
"1530",0.998824691128872,0.00281457343415774,50,6
"1531",0.99885103385585,0.00274990921876551,50,6
"1532",0.998833659480023,0.00279746741090106,50,6
"1533",0.999021497021013,0.0023470559272296,50,6
"1534",0.998941727987153,0.0025397832488516,50,6
"1535",0.99885557566393,0.00274175805085902,50,6
"1536",0.998915564977967,0.00259885825262893,50,6
"1537",0.998859036353964,0.00274163780284646,50,6
"1538",0.998968985355411,0.00247580316840842,50,6
"1539",0.998927698023286,0.00257286784273141,50,6
"1540",0.998908091664842,0.00261471353600422,50,6
"1541",0.998970448542511,0.00247125079714248,50,6
"1542",0.998872878153397,0.0026961418366029,50,6
"1543",0.998875622781848,0.00269678254845906,50,6
"1544",0.998897388809631,0.00264082933185809,50,6
"1545",0.998898699953352,0.0026342217800529,50,6
"1546",0.999010334613815,0.00236726552027963,50,6
"1547",0.998870631871867,0.0026970823852184,50,6
"1548",0.998891867876313,0.00266206309731072,50,6
"1549",0.99894614212691,0.00252736247969092,50,6
"1550",0.998911003783848,0.0026121880075065,50,6
"1551",0.998875007980578,0.00268921102275311,50,6
"1552",0.998895181094922,0.00265072655567544,50,6
"1553",0.99895992355396,0.00248506478359507,50,6
"1554",0.998699468826836,0.00311620124227952,50,6
"1555",0.998999932302589,0.00239304115655003,50,6
"1556",0.998945142940599,0.00252419614083609,50,6
"1557",0.999022183916606,0.00234589776462466,50,6
"1558",0.998828922459801,0.00280621454835247,50,6
"1559",0.998803346850714,0.00285760984975486,50,6
"1560",0.998922374351431,0.002580817838298,50,6
"1561",0.999030754413546,0.00232181450617786,50,6
"1562",0.998832799893881,0.00279706965678726,50,6
"1563",0.998856583941103,0.00273588200104481,50,6
"1564",0.999058739018032,0.00224962366859405,50,6
"1565",0.998916151017042,0.00260100746021973,50,6
"1566",0.998927114547263,0.00257550279594054,50,6
"1567",0.998880495966495,0.00268152148716441,50,6
"1568",0.998802040820673,0.00287099921060901,50,6
"1569",0.998904004396948,0.00262067084521521,50,6
"1570",0.998944626106581,0.00252681624509452,50,6
"1571",0.998828638201081,0.0028039121504757,50,6
"1572",0.998941755313218,0.00254072411463646,50,6
"1573",0.999016588860099,0.00235443011028603,50,6
"1574",0.99895079754371,0.00251160043486378,50,6
"1575",0.998802626916348,0.00287513221242487,50,6
"1576",0.998902000077542,0.00262190226721364,50,6
"1577",0.998936327862961,0.00255103281380102,50,6
"1578",0.998902830827078,0.00263171342344416,50,6
"1579",0.99893379984824,0.0025542368945847,50,6
"1580",0.99893035501687,0.00256348204414526,50,6
"1581",0.998975012062405,0.00245693359619731,50,6
"1582",0.998899969671019,0.00263432188613724,50,6
"1583",0.99894645235582,0.0025272905559175,50,6
"1584",0.998981072124028,0.00243716181594966,50,6
"1585",0.998817963409648,0.00284167799735015,50,6
"1586",0.998797377592574,0.00288424283530166,50,6
"1587",0.998905753981508,0.00262758564790503,50,6
"1588",0.998893116086788,0.00264522164720932,50,6
"1589",0.998895686121473,0.00265478730436455,50,6
"1590",0.998966456318149,0.00246931602409492,50,6
"1591",0.998916286930169,0.00259990222966802,50,6
"1592",0.998894643085227,0.00265829690419331,50,6
"1593",0.998886142027288,0.00267115487571126,50,6
"1594",0.998928459473673,0.00256368804070302,50,6
"1595",0.998887598032413,0.00266829489612982,50,6
"1596",0.998865361196409,0.00271508564257194,50,6
"1597",0.998994475673658,0.00240633823821992,50,6
"1598",0.99889227567453,0.00266234372903259,50,6
"1599",0.998915252188987,0.00259858616493014,50,6
"1600",0.998974048821867,0.00245792578711562,50,6
