"","H","C","D","tau"
"1",0.999796131364621,0.000201112237033599,3,1
"2",0.997809078360681,0.00214532901431813,3,1
"3",0.999313716523972,0.000677632847299458,3,1
"4",0.999883204806621,0.000115368172330471,3,1
"5",0.999372078450823,0.000616249239657693,3,1
"6",0.999523342375083,0.000472075915538488,3,1
"7",0.999846570793675,0.000151343433105784,3,1
"8",0.999625384874408,0.000370842905902545,3,1
"9",0.999402517817811,0.000582892995600517,3,1
"10",0.999161133620136,0.000827029952206583,3,1
"11",0.999307187850763,0.000683998508798476,3,1
"12",0.999522512252563,0.000469959729953833,3,1
"13",0.999261582953504,0.000731549694368079,3,1
"14",0.998981231258786,0.00100676145372798,3,1
"15",0.999465290801691,0.000533141149494653,3,1
"16",0.998915523656629,0.00107429357806251,3,1
"17",0.999621508371603,0.000373257597968324,3,1
"18",0.998488554631789,0.0014830918502894,3,1
"19",0.999429925281733,0.000555622722871667,3,1
"20",0.998041441710512,0.00191480440443725,3,1
"21",0.999578463855539,0.000415389077341228,3,1
"22",0.999628579178853,0.000367773967327998,3,1
"23",0.999609052824907,0.000386735031951098,3,1
"24",0.999681133966938,0.000314893649149355,3,1
"25",0.997323375406078,0.00264143970789268,3,1
"26",0.999638782935608,0.00035599255846725,3,1
"27",0.998168949451692,0.00179431758249809,3,1
"28",0.998741408961562,0.00123862888062336,3,1
"29",0.999943813647675,5.55197487133219e-05,3,1
"30",0.998882296356297,0.00110507664497761,3,1
"31",0.996989728470589,0.00296696494084818,3,1
"32",0.999515523853759,0.000478663910750553,3,1
"33",0.998554354253507,0.00143056383399215,3,1
"34",0.998838248013516,0.00114366302694178,3,1
"35",0.997257434632602,0.00272487420777224,3,1
"36",0.999516683729686,0.000478613598385405,3,1
"37",0.999568164170365,0.000427315046880832,3,1
"38",0.999239541542477,0.000750888382105971,3,1
"39",0.997186432754134,0.0027898627687158,3,1
"40",0.999869499686433,0.000129018124135164,3,1
"41",0.998076425078783,0.00189785784071358,3,1
"42",0.999557247274876,0.000436816861447009,3,1
"43",0.999354682941376,0.000635322012637358,3,1
"44",0.999091576624156,0.000896784441333158,3,1
"45",0.999270330022984,0.00071697859394591,3,1
"46",0.999876826424897,0.000121491604864419,3,1
"47",0.997594912554903,0.00237043717494143,3,1
"48",0.999534192592953,0.000457687674482957,3,1
"49",0.998613496988297,0.00136794703943691,3,1
"50",0.999923700090655,7.53372776177975e-05,3,1
"51",0.997556248815992,0.00239469623221055,3,1
"52",0.999200925976148,0.000784756831741598,3,1
"53",0.998703072562033,0.00127707798261229,3,1
"54",0.999566896757033,0.000427526282713187,3,1
"55",0.999605756626117,0.000389929794509279,3,1
"56",0.999850597193775,0.000147040792291987,3,1
"57",0.998669677019541,0.0013050542863472,3,1
"58",0.999607128174285,0.000387911327865317,3,1
"59",0.998797190242186,0.00118775074637889,3,1
"60",0.999170429362123,0.000818207946890876,3,1
"61",0.999716971132694,0.000278449206242548,3,1
"62",0.99892780937287,0.00106437571890934,3,1
"63",0.998827496942055,0.00115611353068104,3,1
"64",0.999006167993182,0.000978245869659174,3,1
"65",0.999844189698604,0.000153209067327287,3,1
"66",0.999054581692963,0.000928321255522859,3,1
"67",0.999661136493963,0.000334520272539134,3,1
"68",0.999523904250741,0.000469573245860128,3,1
"69",0.999461270835528,0.000534059523309063,3,1
"70",0.999833261479804,0.000164403709673197,3,1
"71",0.999298539565945,0.000688565443021311,3,1
"72",0.999920891899856,7.78360828272457e-05,3,1
"73",0.998558582285778,0.00141458905012588,3,1
"74",0.999629001801194,0.000365501789604294,3,1
"75",0.99987321973237,0.00012516947780728,3,1
"76",0.999480167404051,0.000511064311120249,3,1
"77",0.999722196871266,0.00027403356004596,3,1
"78",0.999522512252563,0.000469959729953833,3,1
"79",0.999166894402374,0.000828577185151528,3,1
"80",0.999723648594069,0.000271886240134965,3,1
"81",0.999396846022066,0.000597876118697001,3,1
"82",0.999570767601738,0.00042344940173515,3,1
"83",0.999767889341235,0.000229633716104096,3,1
"84",0.999692951392349,0.000302381535407538,3,1
"85",0.999060977649797,0.000927045557614628,3,1
"86",0.999664161901585,0.000330055382698621,3,1
"87",0.998256500371429,0.00170842397722867,3,1
"88",0.99950275141446,0.00049091876887009,3,1
"89",0.999653751921307,0.000342138478444015,3,1
"90",0.998877949013474,0.00111828308700841,3,1
"91",0.999813470780026,0.000183739216083004,3,1
"92",0.999188083564528,0.000798815616049309,3,1
"93",0.999204903173895,0.000785529544538733,3,1
"94",0.998502576488896,0.00147904763360508,3,1
"95",0.999039940933831,0.000943269230957885,3,1
"96",0.998980264421865,0.00100502498089447,3,1
"97",0.999317289206932,0.000665864226051224,3,1
"98",0.998981072232426,0.00100538418525165,3,1
"99",0.998779597480182,0.00120388559612678,3,1
"100",0.998402085931153,0.00156781748732071,3,1
"101",0.986262602433294,0.0181715789820376,4,1
"102",0.983567918111312,0.0216988559818859,4,1
"103",0.981880039213361,0.0236636059365627,4,1
"104",0.992720185109004,0.009378344339559,4,1
"105",0.982028935510575,0.0231856604158796,4,1
"106",0.988567194304739,0.014716213804426,4,1
"107",0.980703375443359,0.0254387490043301,4,1
"108",0.982246513801784,0.0227941110604992,4,1
"109",0.976792837335179,0.0291597013847237,4,1
"110",0.982997246488219,0.0222745485162719,4,1
"111",0.982747846163124,0.0221500962382524,4,1
"112",0.991779441243972,0.0108764136851511,4,1
"113",0.982490416552912,0.0235361356796,4,1
"114",0.990141431723046,0.0129882662383403,4,1
"115",0.984286065160103,0.0209427076219545,4,1
"116",0.990369439011754,0.0124804682443877,4,1
"117",0.98451496748248,0.0206333762831253,4,1
"118",0.981569305282837,0.0239950089528359,4,1
"119",0.99129304886457,0.0115437228432912,4,1
"120",0.98401098111122,0.0206622072115919,4,1
"121",0.984525222803722,0.0211387769890562,4,1
"122",0.985519673261378,0.0192722588044754,4,1
"123",0.985282850175807,0.01957148243954,4,1
"124",0.984096388516621,0.021595132618769,4,1
"125",0.987949957851494,0.0158148480148369,4,1
"126",0.977087170647011,0.0303681245562825,4,1
"127",0.988911678660495,0.0153917929633234,4,1
"128",0.981309299944663,0.0242549410598312,4,1
"129",0.987157415174658,0.0170475283115252,4,1
"130",0.977333880140015,0.0304677000604646,4,1
"131",0.986021253560544,0.0187931333329233,4,1
"132",0.986471911078904,0.0178317808022081,4,1
"133",0.991663097895516,0.0107470400989753,4,1
"134",0.985210471334406,0.0195046125812635,4,1
"135",0.984072078984636,0.0203555901288339,4,1
"136",0.982370325404466,0.0236848366126807,4,1
"137",0.982014109688912,0.0238292564281653,4,1
"138",0.98459191790404,0.0193885947766184,4,1
"139",0.986602629999931,0.0172035224061432,4,1
"140",0.97618075953345,0.0324918194600892,4,1
"141",0.988605056188752,0.0152985316808988,4,1
"142",0.986913748837294,0.0168209151845294,4,1
"143",0.980065337155664,0.0261337226221377,4,1
"144",0.990604002096763,0.0126171592536512,4,1
"145",0.983920227705547,0.0215267741474158,4,1
"146",0.986667818624054,0.0177099067408066,4,1
"147",0.989417575215086,0.0137193748858129,4,1
"148",0.988225249678621,0.0149534355982591,4,1
"149",0.986623405172795,0.0180603426318537,4,1
"150",0.978317308411827,0.0282230262037451,4,1
"151",0.983634684816609,0.0208713638349092,4,1
"152",0.981561092010459,0.0242230670393599,4,1
"153",0.985809203375891,0.0188697904672056,4,1
"154",0.991431016655532,0.0113061803466743,4,1
"155",0.982806008050975,0.0221743204853952,4,1
"156",0.977639645022033,0.0285748045976697,4,1
"157",0.987109708682636,0.0171792805432593,4,1
"158",0.986392897297494,0.0185562473364369,4,1
"159",0.99046974905347,0.0125343160630573,4,1
"160",0.986384222483674,0.0184973921157631,4,1
"161",0.986268675385508,0.0184638474872251,4,1
"162",0.986828371849149,0.0172126104076084,4,1
"163",0.990049794264384,0.0131576969370749,4,1
"164",0.985052300487232,0.0197639395784043,4,1
"165",0.984907389603929,0.0210549264009507,4,1
"166",0.983651755922896,0.0209648884435469,4,1
"167",0.986446672247646,0.017933389515456,4,1
"168",0.988461864815081,0.0153807103359326,4,1
"169",0.982865134580863,0.0230441353945103,4,1
"170",0.982477931157937,0.0255576825778598,4,1
"171",0.981671469927626,0.0235342281132842,4,1
"172",0.983246824622795,0.0218178837888221,4,1
"173",0.9834167707771,0.0216196890361199,4,1
"174",0.984671526088052,0.0199248994360881,4,1
"175",0.991005911650924,0.0118568114255186,4,1
"176",0.987240386881182,0.0167605289486322,4,1
"177",0.98591019812193,0.0190462341830991,4,1
"178",0.987170573167097,0.017112633930641,4,1
"179",0.985340766106825,0.019484600475433,4,1
"180",0.978585191655627,0.0282668047636342,4,1
"181",0.98952421499768,0.0138386153698647,4,1
"182",0.987154715114263,0.016536855535269,4,1
"183",0.982845579230417,0.0225401849968226,4,1
"184",0.978128455812146,0.0292520964172298,4,1
"185",0.981759944934903,0.0234872204454247,4,1
"186",0.982640169011395,0.0228084121313248,4,1
"187",0.981283546771069,0.024681475295624,4,1
"188",0.98713214373622,0.0171838105730427,4,1
"189",0.98940630054842,0.0137508995049207,4,1
"190",0.982833867387706,0.0221076499887909,4,1
"191",0.982844162729404,0.0232139673718512,4,1
"192",0.978487391281085,0.0269972662717979,4,1
"193",0.983149219089838,0.0214970322080402,4,1
"194",0.97939535745471,0.0272278951061184,4,1
"195",0.991296293649017,0.0115958344685828,4,1
"196",0.986700721797788,0.0175545117529166,4,1
"197",0.986437264136929,0.0185032279709257,4,1
"198",0.991804712710867,0.0108157931457679,4,1
"199",0.986439254423999,0.0176894622932771,4,1
"200",0.982362949747762,0.0231548188235348,4,1
"201",0.926029244978746,0.145699328311533,5,1
"202",0.929685074537774,0.135403206213491,5,1
"203",0.929382994336419,0.139697472487471,5,1
"204",0.928923444088795,0.13876107783279,5,1
"205",0.929764012428274,0.139436196510185,5,1
"206",0.931049289672885,0.131293090912795,5,1
"207",0.929116028999202,0.137349130652441,5,1
"208",0.938821490013978,0.114287862624989,5,1
"209",0.946486951196799,0.106913365109443,5,1
"210",0.931652870478599,0.131651977085876,5,1
"211",0.945006605962152,0.111024579221754,5,1
"212",0.917480651542063,0.157434432685315,5,1
"213",0.929774090627105,0.130187926483195,5,1
"214",0.950131619984182,0.0972215305504146,5,1
"215",0.941452493809535,0.115489001690607,5,1
"216",0.918518798618354,0.154087128087941,5,1
"217",0.935648632844346,0.125286180867683,5,1
"218",0.923368599991093,0.1422755573952,5,1
"219",0.941789947774603,0.116177274308285,5,1
"220",0.922531514205168,0.149698524141413,5,1
"221",0.929074753223242,0.140361712944731,5,1
"222",0.920860371064057,0.151995382934366,5,1
"223",0.920836694006154,0.151189907466201,5,1
"224",0.926473071461368,0.141079673913471,5,1
"225",0.928561721989601,0.132583419802173,5,1
"226",0.913317672461392,0.164510344538886,5,1
"227",0.931038624087848,0.132717821282523,5,1
"228",0.920166669928768,0.157437702890654,5,1
"229",0.929939273962813,0.132510822683173,5,1
"230",0.938240763918321,0.12005742739946,5,1
"231",0.921695809335184,0.149390736594337,5,1
"232",0.91723834645019,0.161395006593271,5,1
"233",0.918095519174524,0.151119064747611,5,1
"234",0.927461270384499,0.142382230436063,5,1
"235",0.922018424488779,0.149186923346871,5,1
"236",0.938390796426787,0.119764204872432,5,1
"237",0.931425738308805,0.129541440672464,5,1
"238",0.910997222638107,0.166787462487072,5,1
"239",0.917434270183256,0.158318768162624,5,1
"240",0.933976371239616,0.128180882287422,5,1
"241",0.936678103614617,0.124724442437805,5,1
"242",0.927838478319228,0.143364947100695,5,1
"243",0.9253538140211,0.140123765459358,5,1
"244",0.92148715262536,0.147395696488708,5,1
"245",0.923588188013891,0.148960034643933,5,1
"246",0.935464025179814,0.127025701184692,5,1
"247",0.923451154722612,0.148382886873128,5,1
"248",0.940688324082359,0.119494928618275,5,1
"249",0.924182843714436,0.14647106319737,5,1
"250",0.919922115261167,0.156311196766975,5,1
"251",0.927846491361236,0.13852572719648,5,1
"252",0.928653418974495,0.14203044052236,5,1
"253",0.923884195480587,0.146258098032099,5,1
"254",0.940745436064121,0.114599735635463,5,1
"255",0.907879065981694,0.174177984245624,5,1
"256",0.932380421245177,0.134063921549357,5,1
"257",0.92507831916358,0.139824846940695,5,1
"258",0.920885413211467,0.151737648784006,5,1
"259",0.917393388516458,0.153412229874682,5,1
"260",0.904778419317939,0.179813822872029,5,1
"261",0.931046879896048,0.129688590243038,5,1
"262",0.919275583179003,0.15616693542639,5,1
"263",0.922258738392865,0.147522536222731,5,1
"264",0.919905957018271,0.15152343630152,5,1
"265",0.921025920815048,0.154133523772069,5,1
"266",0.924973289136727,0.143250596381734,5,1
"267",0.931678969352784,0.135518558454775,5,1
"268",0.933040133070358,0.130605397392342,5,1
"269",0.917022239586018,0.153087061436545,5,1
"270",0.942519152001399,0.112217637069804,5,1
"271",0.932311589674796,0.12969592971846,5,1
"272",0.933818940704684,0.126107733901712,5,1
"273",0.927506317457933,0.143871331099268,5,1
"274",0.941866045455965,0.113019805581522,5,1
"275",0.935614351319569,0.125734013506836,5,1
"276",0.924557730031365,0.143659987567357,5,1
"277",0.919650676780115,0.157021631389667,5,1
"278",0.928861843928301,0.140047341373922,5,1
"279",0.924671525765272,0.145897864112384,5,1
"280",0.934247719512346,0.127787500961174,5,1
"281",0.937194190462191,0.121303504383924,5,1
"282",0.930079336328566,0.133581730240683,5,1
"283",0.923730832509008,0.147207913952116,5,1
"284",0.926258327929099,0.139480938955169,5,1
"285",0.929347019676115,0.139103968781535,5,1
"286",0.946234694888947,0.103492113302204,5,1
"287",0.934207029418372,0.124999069265919,5,1
"288",0.928141594753698,0.135159788361185,5,1
"289",0.923906867579559,0.144546423947221,5,1
"290",0.926843364368165,0.141074264975027,5,1
"291",0.927491307683705,0.137529696013886,5,1
"292",0.933946289071287,0.130977820945335,5,1
"293",0.932710651046076,0.129280659886428,5,1
"294",0.928388728516219,0.137915245684255,5,1
"295",0.93116722516322,0.131622997945373,5,1
"296",0.9329157073327,0.130795818592446,5,1
"297",0.93263494142397,0.124340004815348,5,1
"298",0.941257085371244,0.115422662421646,5,1
"299",0.93191670877567,0.13054293651878,5,1
"300",0.938239468483534,0.121304593943235,5,1
"301",0.883098033625828,0.289676949929143,6,1
"302",0.882945049383119,0.289686802884348,6,1
"303",0.881750244007862,0.291518609928032,6,1
"304",0.889230073864247,0.279912071864473,6,1
"305",0.884124409027697,0.287813896032815,6,1
"306",0.885889586842349,0.286260936399816,6,1
"307",0.888026099345546,0.282658433447683,6,1
"308",0.880382711198833,0.295173706565978,6,1
"309",0.873633495874771,0.304825638902006,6,1
"310",0.88190736827459,0.29248659726559,6,1
"311",0.876762815612538,0.29964866417758,6,1
"312",0.878294039814312,0.298935642575723,6,1
"313",0.874832290692566,0.303409850646044,6,1
"314",0.878050110710438,0.299263868399026,6,1
"315",0.881615672740551,0.29363569407897,6,1
"316",0.883279041107638,0.288664362802692,6,1
"317",0.878761197901965,0.297189224680573,6,1
"318",0.87884497708049,0.296419920026646,6,1
"319",0.879320705754961,0.296628969050603,6,1
"320",0.880584866775883,0.294027198549586,6,1
"321",0.878116731236261,0.297918748560658,6,1
"322",0.883958406156305,0.286417158035345,6,1
"323",0.884229917379021,0.287427033275201,6,1
"324",0.881812433970886,0.292118661833236,6,1
"325",0.887926426461199,0.283626054786559,6,1
"326",0.880861848238283,0.293948248026568,6,1
"327",0.87742028342786,0.298920986158335,6,1
"328",0.884292839001085,0.288464477115546,6,1
"329",0.879965613540926,0.294921255325768,6,1
"330",0.875029783581941,0.302586263735252,6,1
"331",0.882084235732381,0.291200691060179,6,1
"332",0.882431977744623,0.290713990631999,6,1
"333",0.882409424745205,0.290521917553766,6,1
"334",0.88128951994381,0.292410250703985,6,1
"335",0.887324181297462,0.28331880227238,6,1
"336",0.886008113822356,0.285074995827989,6,1
"337",0.880747461282295,0.293963578621818,6,1
"338",0.883958406156305,0.287585420736958,6,1
"339",0.881566501406209,0.293235474306542,6,1
"340",0.886930966854637,0.282092782145612,6,1
"341",0.875096712125609,0.302865151356506,6,1
"342",0.874087054256181,0.305073090669105,6,1
"343",0.887073818169987,0.282490399779791,6,1
"344",0.882235965652393,0.291087203189607,6,1
"345",0.877484168833841,0.298933159291867,6,1
"346",0.884938710570967,0.286687966603032,6,1
"347",0.880335908552585,0.295412834230523,6,1
"348",0.889826774099787,0.27650195708479,6,1
"349",0.879375056790207,0.297043157908576,6,1
"350",0.879093935303788,0.296074652844987,6,1
"351",0.88095479656025,0.293653250841983,6,1
"352",0.874210302337767,0.305209257759431,6,1
"353",0.882936478796301,0.290144035493072,6,1
"354",0.886490427101909,0.283734806625566,6,1
"355",0.882942314263277,0.28880682279117,6,1
"356",0.882875403198674,0.291179068219506,6,1
"357",0.881008398457391,0.293204391100801,6,1
"358",0.873593858911164,0.307307857384257,6,1
"359",0.876151093287514,0.302647813398264,6,1
"360",0.881373148540853,0.292865145708788,6,1
"361",0.877972625598215,0.299064808675498,6,1
"362",0.88681657989865,0.283680123312268,6,1
"363",0.88360563502464,0.28853570874483,6,1
"364",0.881014541942212,0.292905735764764,6,1
"365",0.879595393217779,0.296245483110764,6,1
"366",0.875501081693613,0.302256680914053,6,1
"367",0.881487976617101,0.292607129226783,6,1
"368",0.878946786528055,0.297416720529004,6,1
"369",0.890591172649675,0.277281339140579,6,1
"370",0.879305701144542,0.296212675025625,6,1
"371",0.884633705869466,0.287016701632679,6,1
"372",0.877654602268031,0.30141753344364,6,1
"373",0.88009611947273,0.295188244443067,6,1
"374",0.886167973208926,0.284096197766175,6,1
"375",0.886963130117758,0.284398673675611,6,1
"376",0.88087382719008,0.29326525228857,6,1
"377",0.879394201424645,0.29500471396024,6,1
"378",0.883694733861368,0.287664255550379,6,1
"379",0.87854713806163,0.297076438819973,6,1
"380",0.888577327150504,0.280676098209181,6,1
"381",0.880431882533174,0.295790783942179,6,1
"382",0.886646146464459,0.282837311998357,6,1
"383",0.885958651949235,0.283812954799837,6,1
"384",0.883653401454804,0.288216813139285,6,1
"385",0.869697348294218,0.312643870448148,6,1
"386",0.882105824947881,0.292779005464034,6,1
"387",0.879446107878829,0.295172558600538,6,1
"388",0.878480517535807,0.295830478841875,6,1
"389",0.887246545603758,0.281547693829776,6,1
"390",0.873410116309512,0.306279292218719,6,1
"391",0.877414813188176,0.299333883920996,6,1
"392",0.877115278726359,0.300311898978489,6,1
"393",0.875740870773469,0.30237159985237,6,1
"394",0.8860388721813,0.284336074829189,6,1
"395",0.87762657902893,0.2999271111704,6,1
"396",0.881876609915646,0.293117947071035,6,1
"397",0.886157399161306,0.283700372199542,6,1
"398",0.887810193480773,0.282512478318392,6,1
"399",0.885282312559189,0.286385940078562,6,1
"400",0.881880749939666,0.292873111728404,6,1
"401",0.999920869615658,7.81328073484083e-05,3,10
"402",0.998025792217971,0.00193603246247211,3,10
"403",0.999501435462169,0.000492356995255654,3,10
"404",0.999888898838714,0.00010997148046199,3,10
"405",0.999434624014404,0.000556810346295863,3,10
"406",0.999641509747554,0.000355675468198944,3,10
"407",0.999892826907769,0.000105876382791238,3,10
"408",0.999716357875461,0.000281029492824986,3,10
"409",0.999433152470227,0.000553913903479487,3,10
"410",0.999081012503221,0.000907823186529207,3,10
"411",0.999501753808726,0.00049190241755202,3,10
"412",0.999517636993507,0.000475281073833559,3,10
"413",0.999160244546124,0.000833645481197532,3,10
"414",0.999069627940525,0.000919448012049257,3,10
"415",0.999269186288321,0.00072942789907989,3,10
"416",0.998983331059243,0.0010059798249019,3,10
"417",0.999659725511776,0.000335580990396325,3,10
"418",0.998690702998031,0.00128539997046657,3,10
"419",0.999387481405374,0.000597416792844187,3,10
"420",0.99789488579534,0.00205703784708106,3,10
"421",0.999481288954683,0.00051016347911601,3,10
"422",0.999576388018605,0.000419328250816744,3,10
"423",0.999466109440839,0.000527477894559665,3,10
"424",0.999730882448047,0.000266420457816571,3,10
"425",0.99743044334624,0.00253955994659486,3,10
"426",0.999552839202828,0.000442147111384749,3,10
"427",0.99819610895515,0.00176849804523684,3,10
"428",0.99877590534766,0.00120408190374882,3,10
"429",0.999833457816611,0.000164498889943734,3,10
"430",0.998623222803992,0.0013558579569872,3,10
"431",0.997199230961772,0.00275583139882132,3,10
"432",0.999524413688723,0.000470436123537588,3,10
"433",0.998379681549313,0.00160570933057505,3,10
"434",0.999056142444162,0.000930869546542856,3,10
"435",0.997346768485859,0.00263652083158869,3,10
"436",0.999472494941419,0.000523193290275423,3,10
"437",0.999558015373191,0.000437919054643446,3,10
"438",0.9989539977291,0.00103199011261588,3,10
"439",0.997121146266955,0.00284913630567058,3,10
"440",0.999879061829877,0.000119368267893125,3,10
"441",0.997904722452956,0.00206821162568289,3,10
"442",0.999500275686385,0.000492366230139448,3,10
"443",0.999217727716442,0.000770992683324774,3,10
"444",0.9989942831022,0.000996607314634427,3,10
"445",0.998893557861551,0.00108875277278925,3,10
"446",0.999889667783436,0.000108833288124944,3,10
"447",0.997582821856499,0.00238559514156637,3,10
"448",0.999262583823666,0.000725341494266768,3,10
"449",0.998499379887003,0.00147862509920268,3,10
"450",0.999837368726863,0.000160433848347871,3,10
"451",0.997614397290461,0.00234117481854914,3,10
"452",0.999146343462487,0.000838697385919095,3,10
"453",0.998743081707047,0.0012371706673393,3,10
"454",0.999547250582921,0.000445246865022801,3,10
"455",0.999678451541159,0.000318195337858281,3,10
"456",0.999852169417441,0.000145407733403484,3,10
"457",0.998897894995254,0.00108239931772575,3,10
"458",0.999529260268766,0.000464995522799263,3,10
"459",0.998377097036511,0.00160268635850945,3,10
"460",0.999280773608037,0.00070867471467705,3,10
"461",0.999727625659668,0.00026779981990154,3,10
"462",0.999130693123467,0.000861905433054692,3,10
"463",0.998972926177939,0.00101425028289435,3,10
"464",0.998942854116293,0.00103984334796832,3,10
"465",0.99985193424552,0.000145755855957947,3,10
"466",0.999161569804122,0.000824863649553245,3,10
"467",0.999617492778179,0.000377423171398414,3,10
"468",0.999387689754733,0.000603891320797549,3,10
"469",0.999475057549617,0.00052111058174155,3,10
"470",0.999807559579284,0.000189072140605834,3,10
"471",0.99932986281157,0.000658511419639741,3,10
"472",0.999883380841611,0.000114698243718091,3,10
"473",0.998740707806364,0.0012340072479374,3,10
"474",0.999697081313198,0.00029924064572349,3,10
"475",0.999893552360195,0.000104802760758299,3,10
"476",0.99951297515081,0.000478747184468024,3,10
"477",0.99974272478552,0.000254054174860977,3,10
"478",0.999573073055622,0.000420786254017367,3,10
"479",0.999397589413223,0.000599642564347778,3,10
"480",0.999690866813517,0.000304988654329506,3,10
"481",0.999377164709779,0.000617782607638558,3,10
"482",0.999746907875237,0.000249577819312182,3,10
"483",0.999722182656157,0.000274119395215842,3,10
"484",0.999605441861622,0.00039010969735157,3,10
"485",0.998827975735314,0.00115635276463207,3,10
"486",0.99954600104865,0.0004470824578646,3,10
"487",0.998215976475685,0.00174300716240195,3,10
"488",0.99958538408488,0.000409465079933262,3,10
"489",0.999730914644375,0.000266364773172495,3,10
"490",0.998895033039737,0.00110223056006922,3,10
"491",0.999726546724211,0.000269383513141361,3,10
"492",0.999136611295846,0.000851388105418336,3,10
"493",0.999267344892452,0.000721706156687643,3,10
"494",0.998537458434699,0.00145014509898105,3,10
"495",0.999092724777503,0.000892243732890957,3,10
"496",0.999123036901084,0.000864624752069778,3,10
"497",0.999260213961845,0.000722038236418017,3,10
"498",0.998934011621161,0.00105294718477705,3,10
"499",0.998687962951273,0.00128957606759626,3,10
"500",0.998079815993784,0.00188374289501658,3,10
"501",0.985055788886832,0.0196862607096256,4,10
"502",0.983904261388857,0.0212943200668391,4,10
"503",0.982194372725552,0.0234161103155687,4,10
"504",0.992695173211725,0.00944437488349684,4,10
"505",0.981462422272855,0.0239597852638807,4,10
"506",0.988208646718701,0.0152304921289392,4,10
"507",0.979317506361345,0.0270453670080431,4,10
"508",0.98228725427264,0.0225313451804331,4,10
"509",0.976426523659509,0.0295892834742726,4,10
"510",0.982431324703677,0.0230904531818371,4,10
"511",0.982510239408116,0.0222914351921517,4,10
"512",0.991619637447629,0.011154319904829,4,10
"513",0.982868933232341,0.0230019384516338,4,10
"514",0.989683045586086,0.0136062769826298,4,10
"515",0.9839969489191,0.0213328938212947,4,10
"516",0.989064595874176,0.0142913522210974,4,10
"517",0.983725435072401,0.0217182067093384,4,10
"518",0.981330758807369,0.0242979545161507,4,10
"519",0.991457179104628,0.0112500339428624,4,10
"520",0.985490650178267,0.0189155231239245,4,10
"521",0.985735579716662,0.0195664994584141,4,10
"522",0.985661748723572,0.0191869239340224,4,10
"523",0.984293617634747,0.0208538124932298,4,10
"524",0.98443893796437,0.0211464858496027,4,10
"525",0.987997727663434,0.015650387784071,4,10
"526",0.977396218409959,0.0297752745503268,4,10
"527",0.988586980778604,0.015777731437604,4,10
"528",0.980809062633775,0.0248237103770163,4,10
"529",0.98671503947727,0.0175602257986168,4,10
"530",0.977482453692227,0.0300155101996679,4,10
"531",0.985953978477916,0.0188231128040977,4,10
"532",0.986162529761656,0.0181965818859138,4,10
"533",0.991104700567398,0.0114168091978778,4,10
"534",0.983483219436141,0.0218231422171964,4,10
"535",0.982791223178234,0.0218744240055584,4,10
"536",0.982832084523521,0.0230005729883471,4,10
"537",0.982650907275441,0.0232007309716076,4,10
"538",0.984105765321536,0.019888575171929,4,10
"539",0.986724939080212,0.0172575326980802,4,10
"540",0.976478783768557,0.0321238785057936,4,10
"541",0.987837041247815,0.0163258607643473,4,10
"542",0.987138756790768,0.0164719311876352,4,10
"543",0.977674561682935,0.0291999464048144,4,10
"544",0.989788304600801,0.0139405618896162,4,10
"545",0.982171951234774,0.0238645402638005,4,10
"546",0.985633513851647,0.0191387861890589,4,10
"547",0.990248051900314,0.0126554262773807,4,10
"548",0.98866622339478,0.0143351390133502,4,10
"549",0.987155737181101,0.0173171302000789,4,10
"550",0.977811111551353,0.0289590234888917,4,10
"551",0.983508274975511,0.0209342884484606,4,10
"552",0.982489689794007,0.0230524794340873,4,10
"553",0.986111014251709,0.0184945914584147,4,10
"554",0.991429362287595,0.0112187156776703,4,10
"555",0.980507645841732,0.0250023222411184,4,10
"556",0.978646879684328,0.0273610042427504,4,10
"557",0.987590648748508,0.0164865473054095,4,10
"558",0.98681425107095,0.0179445396334534,4,10
"559",0.989230544168978,0.0141281471446061,4,10
"560",0.987151332814056,0.0173414614004133,4,10
"561",0.986665904061798,0.0180265213014784,4,10
"562",0.985737944038911,0.0186324884776846,4,10
"563",0.989125854638823,0.0143082615551859,4,10
"564",0.984723614661857,0.020108245844485,4,10
"565",0.98462145077754,0.0214121502091475,4,10
"566",0.981952331581774,0.0232731719126503,4,10
"567",0.986285531927539,0.0181268513825986,4,10
"568",0.987217566249456,0.0169850689925701,4,10
"569",0.98056905340509,0.0263169246453969,4,10
"570",0.982147183044001,0.0257967661240629,4,10
"571",0.981886622749499,0.0231539955064347,4,10
"572",0.983409402803386,0.0215680372041391,4,10
"573",0.982943851687047,0.022108379966691,4,10
"574",0.983379903895746,0.0215827124912422,4,10
"575",0.991438086882763,0.0113005883104021,4,10
"576",0.987411892876675,0.0167267385661464,4,10
"577",0.985496375393225,0.0195258794735416,4,10
"578",0.986692348357005,0.0177233613970825,4,10
"579",0.98492486821693,0.0200058780381315,4,10
"580",0.979037420509354,0.0275965549405413,4,10
"581",0.988469297834345,0.0152703797609395,4,10
"582",0.987790056035386,0.0156805928416228,4,10
"583",0.98236713110392,0.0231917025528852,4,10
"584",0.978729333785905,0.0283539281382242,4,10
"585",0.982168058753041,0.02281840913047,4,10
"586",0.981214570886372,0.02495479797823,4,10
"587",0.982522744688106,0.0231506136814819,4,10
"588",0.986808963573522,0.017708479497385,4,10
"589",0.989034980579334,0.0141412417565744,4,10
"590",0.983674752185381,0.021058455991508,4,10
"591",0.983455291006039,0.0223984596862757,4,10
"592",0.978776847991809,0.0266583492400515,4,10
"593",0.982331788817834,0.0223722127893084,4,10
"594",0.97880566251929,0.027993321660293,4,10
"595",0.990654036938571,0.0124063330261654,4,10
"596",0.987088670299809,0.0170385702407367,4,10
"597",0.986618199063689,0.0181695318457687,4,10
"598",0.99149947132312,0.0112633281804261,4,10
"599",0.986730185224116,0.0172210765976931,4,10
"600",0.981601675359682,0.0244127491759853,4,10
"601",0.924100300558341,0.148498712440075,5,10
"602",0.927973241847724,0.137914382662905,5,10
"603",0.926043751789707,0.144613506431328,5,10
"604",0.924715883604904,0.145245977739141,5,10
"605",0.926314967207044,0.145086815621766,5,10
"606",0.928592470494904,0.136314155061661,5,10
"607",0.927369956204832,0.14060509482035,5,10
"608",0.933635175738412,0.123967252842266,5,10
"609",0.943582287085233,0.111883866875483,5,10
"610",0.930045359229125,0.135093963252008,5,10
"611",0.943057363844135,0.114222763813858,5,10
"612",0.913446681060975,0.163323773449086,5,10
"613",0.930908183930482,0.129206856386645,5,10
"614",0.949248930692222,0.0997609472852107,5,10
"615",0.940676676646279,0.116541910558769,5,10
"616",0.91423779693445,0.161300529203308,5,10
"617",0.933712622001261,0.128806077001073,5,10
"618",0.92140070457412,0.14536547521007,5,10
"619",0.94173507265199,0.116378324118462,5,10
"620",0.91926744927601,0.155188551490558,5,10
"621",0.928240268851668,0.141514437715075,5,10
"622",0.920140083507974,0.153433152763125,5,10
"623",0.921288331153119,0.150673708895415,5,10
"624",0.926500099631171,0.140743078881945,5,10
"625",0.929127337856241,0.132158931277603,5,10
"626",0.9136385992617,0.163984446397393,5,10
"627",0.926412033512238,0.141133538008409,5,10
"628",0.919257099695915,0.159182975677482,5,10
"629",0.928942882230268,0.134110006085859,5,10
"630",0.939594253437187,0.118729080732059,5,10
"631",0.919109683538916,0.153696800020685,5,10
"632",0.915680892087249,0.164088655883437,5,10
"633",0.91742972549756,0.152226601452051,5,10
"634",0.924915417472871,0.147275165916261,5,10
"635",0.919985570455005,0.152328180868471,5,10
"636",0.937341599056669,0.122185157535879,5,10
"637",0.929723671613311,0.132401287709126,5,10
"638",0.906162983907501,0.175184559140031,5,10
"639",0.914747131425945,0.162143328416189,5,10
"640",0.932949132397992,0.129598767969996,5,10
"641",0.935536400724985,0.126925561786365,5,10
"642",0.925892564534761,0.147195411318806,5,10
"643",0.921490633631275,0.146411525770546,5,10
"644",0.922582641086612,0.145689764123904,5,10
"645",0.922128891182414,0.151874458557539,5,10
"646",0.934925544497579,0.128503064732406,5,10
"647",0.923089160232252,0.148565251103391,5,10
"648",0.939939841252561,0.120526621113715,5,10
"649",0.923881019691622,0.148340809916014,5,10
"650",0.917655788385005,0.159918148858285,5,10
"651",0.926846293851991,0.140472960991694,5,10
"652",0.926447551508353,0.145541302511157,5,10
"653",0.921070967354171,0.15049418570852,5,10
"654",0.940110337001925,0.115471704391851,5,10
"655",0.907098496823509,0.175513346190206,5,10
"656",0.929421326593879,0.139446485779449,5,10
"657",0.923653925641874,0.142366993030884,5,10
"658",0.916450302027531,0.159235438517947,5,10
"659",0.915366912413184,0.15660165682522,5,10
"660",0.904798015742656,0.179469110365315,5,10
"661",0.928933093708078,0.133208445685129,5,10
"662",0.919651774339977,0.15600521220123,5,10
"663",0.920934935493447,0.149409480923814,5,10
"664",0.918783938297445,0.153852904836836,5,10
"665",0.920291319242694,0.154928723536941,5,10
"666",0.922023621884847,0.148716425192435,5,10
"667",0.930498234051497,0.137235068275343,5,10
"668",0.930962409255634,0.13371784028945,5,10
"669",0.914191131100872,0.157347957565496,5,10
"670",0.942312348356695,0.112814078053811,5,10
"671",0.930479549558055,0.133270286620803,5,10
"672",0.932588455570521,0.127941093862048,5,10
"673",0.925724383361103,0.146876804330535,5,10
"674",0.942427292387253,0.11197097841414,5,10
"675",0.93304848841462,0.130789269204929,5,10
"676",0.923195123830598,0.145695494589005,5,10
"677",0.919402287454106,0.157215958690156,5,10
"678",0.9258685361321,0.145932612552948,5,10
"679",0.923421432641144,0.148939500567095,5,10
"680",0.930662545815278,0.134253342403088,5,10
"681",0.933664013869712,0.127731323680924,5,10
"682",0.926155406799466,0.141836288200042,5,10
"683",0.92170752819214,0.151240621194248,5,10
"684",0.923129050148062,0.145174182489535,5,10
"685",0.927752654187488,0.14183599732572,5,10
"686",0.945796868634322,0.104967523351483,5,10
"687",0.932155150202923,0.128356916834763,5,10
"688",0.927319563020472,0.137505349908032,5,10
"689",0.922219945400348,0.147065686362422,5,10
"690",0.925708136839308,0.143010222453837,5,10
"691",0.924005191518993,0.144105696924954,5,10
"692",0.93252408329429,0.133534890375869,5,10
"693",0.932464893501578,0.12989123497402,5,10
"694",0.927145094037508,0.139650444502661,5,10
"695",0.930217766526367,0.132866065129057,5,10
"696",0.929336465767968,0.136960766700391,5,10
"697",0.931929292291835,0.125728929639948,5,10
"698",0.940757291995312,0.116439094700329,5,10
"699",0.930118579307599,0.134274174263949,5,10
"700",0.937514233037041,0.123263134010345,5,10
"701",0.882053452341687,0.291778275326973,6,10
"702",0.879154396188162,0.296893065060801,6,10
"703",0.88037929332295,0.294821465696453,6,10
"704",0.88705425987323,0.284200760760187,6,10
"705",0.882884036808935,0.28991887178149,6,10
"706",0.884737164439966,0.288450860587948,6,10
"707",0.8850037230039,0.288585062639736,6,10
"708",0.877602809338138,0.299338647570936,6,10
"709",0.870257793486485,0.310607774929757,6,10
"710",0.879181168159825,0.297001481499061,6,10
"711",0.873659503882122,0.304654986588996,6,10
"712",0.875504402960722,0.303859073147478,6,10
"713",0.872934079962948,0.307572809696361,6,10
"714",0.875999035156628,0.302906983927455,6,10
"715",0.880317727333419,0.295647913122737,6,10
"716",0.881006034059902,0.293359571430031,6,10
"717",0.875350448873699,0.303361151382421,6,10
"718",0.876316084786533,0.300833207695797,6,10
"719",0.876768515649776,0.300795531238213,6,10
"720",0.877279787231667,0.299436367576237,6,10
"721",0.874297301235613,0.304328240638827,6,10
"722",0.881688934038248,0.291201509870822,6,10
"723",0.879683001164301,0.295295021698935,6,10
"724",0.879230892909222,0.296536286581152,6,10
"725",0.884899328772399,0.288667953595258,6,10
"726",0.877524822857787,0.299427840212179,6,10
"727",0.876045190092179,0.302151280345613,6,10
"728",0.880820326654469,0.295108629155416,6,10
"729",0.878028206802432,0.298897801423629,6,10
"730",0.871237995910336,0.308448075102663,6,10
"731",0.878578979932712,0.297419852093398,6,10
"732",0.879328548347584,0.296018431214102,6,10
"733",0.880641358042176,0.293527206276746,6,10
"734",0.875994856740495,0.300976095946841,6,10
"735",0.883469420756188,0.290699022219681,6,10
"736",0.88382318674423,0.289421228722493,6,10
"737",0.876341099311803,0.301241157850526,6,10
"738",0.879808997821514,0.295082173934556,6,10
"739",0.878610568357246,0.298041732383023,6,10
"740",0.885600426256486,0.285274741761963,6,10
"741",0.872331587434693,0.307901469691546,6,10
"742",0.869679992875336,0.313058953456692,6,10
"743",0.883109865492476,0.289607288196945,6,10
"744",0.878500366543055,0.297682138585428,6,10
"745",0.872518590271087,0.306890866852263,6,10
"746",0.882140737992185,0.291353785490305,6,10
"747",0.878112609467759,0.300383206422739,6,10
"748",0.886801336609863,0.281772820691478,6,10
"749",0.876171891885088,0.303099800136082,6,10
"750",0.878466375455801,0.296804453265534,6,10
"751",0.879668052125752,0.295524431772107,6,10
"752",0.871242174326468,0.310298904746907,6,10
"753",0.879522770299569,0.2955017731783,6,10
"754",0.884922871845399,0.285947717293569,6,10
"755",0.878834463573086,0.296208494347976,6,10
"756",0.881168058985068,0.294339781925557,6,10
"757",0.877680090682792,0.299123095735775,6,10
"758",0.870545030445269,0.312080523546182,6,10
"759",0.873211251435011,0.307419537747196,6,10
"760",0.879425114861208,0.296606913577638,6,10
"761",0.87615105577595,0.30244345292731,6,10
"762",0.883446808893637,0.289422092569523,6,10
"763",0.880843947953859,0.293914553916518,6,10
"764",0.876356832973947,0.30146117188197,6,10
"765",0.877083004902674,0.300848685658401,6,10
"766",0.873012675045585,0.307424226405485,6,10
"767",0.877672889874222,0.299577087791877,6,10
"768",0.875960543045078,0.302174421642232,6,10
"769",0.887221691546532,0.283416369800523,6,10
"770",0.877568113115188,0.29926927753922,6,10
"771",0.882471265208369,0.291390025702033,6,10
"772",0.875177287844096,0.304789343284207,6,10
"773",0.878137319691886,0.297984044424421,6,10
"774",0.883279377220334,0.289056783261777,6,10
"775",0.884741500570386,0.28842284838298,6,10
"776",0.87901629686353,0.297758345961502,6,10
"777",0.876042021112886,0.300784943998604,6,10
"778",0.881026408153609,0.292073511753333,6,10
"779",0.875967604446382,0.302285987038607,6,10
"780",0.885110677612408,0.286937246085389,6,10
"781",0.87613471351152,0.303081910958058,6,10
"782",0.883920842182591,0.288248516836509,6,10
"783",0.884541853563243,0.286292171325155,6,10
"784",0.880157034453256,0.294519488294444,6,10
"785",0.866703236235583,0.317159846656381,6,10
"786",0.87979429190323,0.296969604957246,6,10
"787",0.875596651650946,0.302199521825655,6,10
"788",0.873834118056974,0.303931321756542,6,10
"789",0.883124894018924,0.289660344795499,6,10
"790",0.869539831803168,0.312927413018506,6,10
"791",0.875580151672229,0.302214961462618,6,10
"792",0.874150243656018,0.304991828684394,6,10
"793",0.871565962749513,0.3093063340104,6,10
"794",0.881626358611878,0.292081328328649,6,10
"795",0.874179594311708,0.305781465219746,6,10
"796",0.880799186244188,0.295055173211733,6,10
"797",0.884442726672611,0.286782496898029,6,10
"798",0.884994746441916,0.287453890028016,6,10
"799",0.881634873158431,0.292912237588783,6,10
"800",0.879621897190201,0.296461759726675,6,10
"801",0.999910746261272,8.78581388060541e-05,3,30
"802",0.997803616622012,0.00215811592521672,3,30
"803",0.999349704108712,0.000643136537531704,3,30
"804",0.999932691606052,6.6595258043077e-05,3,30
"805",0.999404098183981,0.000587000089708832,3,30
"806",0.999361751423051,0.000634757085975363,3,30
"807",0.999890991702109,0.000107746194316139,3,30
"808",0.999680555925812,0.00031633248022959,3,30
"809",0.999414348872649,0.000571922183356779,3,30
"810",0.999061503437586,0.000927320000061452,3,30
"811",0.999194108715082,0.000796617440019147,3,30
"812",0.999493965934998,0.000497076602018466,3,30
"813",0.998568334650211,0.00142081255812877,3,30
"814",0.998567144892951,0.00141694707973995,3,30
"815",0.998990282292254,0.00101048129138144,3,30
"816",0.998564839553166,0.00142433969702608,3,30
"817",0.99979827736107,0.000198224434908302,3,30
"818",0.998214617924519,0.00175109003401289,3,30
"819",0.999120328027155,0.000861007457863023,3,30
"820",0.997123681988155,0.00280856976693949,3,30
"821",0.999532208503959,0.000459200463244627,3,30
"822",0.999521507655403,0.000473125204457775,3,30
"823",0.999549771803801,0.000444408088167607,3,30
"824",0.999803351892665,0.000194454141428791,3,30
"825",0.997200471860959,0.00277344081701394,3,30
"826",0.999495219928931,0.00049706503388299,3,30
"827",0.998011507412135,0.00195182734677237,3,30
"828",0.999006456811587,0.000976939135606797,3,30
"829",0.999803964073959,0.000193540357234083,3,30
"830",0.998616228121551,0.00135942266961232,3,30
"831",0.996634463328193,0.00330809319342576,3,30
"832",0.999577886183187,0.000417778130715858,3,30
"833",0.998142701024316,0.00183659494483588,3,30
"834",0.998709114468748,0.00126883985113524,3,30
"835",0.997282614047167,0.00269751454076567,3,30
"836",0.999515984296674,0.000479437883047557,3,30
"837",0.999648293617148,0.000347248276393696,3,30
"838",0.999018711282773,0.000966318638036424,3,30
"839",0.997581375545877,0.00238525894275529,3,30
"840",0.999944500426637,5.47254391666755e-05,3,30
"841",0.998090927154616,0.00188123147669049,3,30
"842",0.999377489753452,0.000611403785341554,3,30
"843",0.999172152251573,0.000816036893315547,3,30
"844",0.998955519260265,0.0010374300787324,3,30
"845",0.998092211005296,0.00187409020154148,3,30
"846",0.999730402244101,0.000266883847107438,3,30
"847",0.997959185554308,0.00201057996739359,3,30
"848",0.999154429860615,0.00083486546904255,3,30
"849",0.998690340906147,0.00128534514700106,3,30
"850",0.999799121221293,0.000198842384747663,3,30
"851",0.997731357941526,0.00222059276569129,3,30
"852",0.998932330326534,0.00105479693386419,3,30
"853",0.998521850888903,0.00145401110832845,3,30
"854",0.999514985370347,0.000477167655987368,3,30
"855",0.99969852562892,0.000297214474235286,3,30
"856",0.999741693083301,0.000253921608634521,3,30
"857",0.99871052114187,0.00126134873605436,3,30
"858",0.999205610604286,0.000783458012766394,3,30
"859",0.998383423956307,0.00159690558597384,3,30
"860",0.999077961934953,0.000912297968460749,3,30
"861",0.999681994819787,0.000314206628704378,3,30
"862",0.998744713621123,0.00124243519736736,3,30
"863",0.998851432788636,0.00113503458677857,3,30
"864",0.998912732288931,0.00107244370805108,3,30
"865",0.999822957204951,0.000174785400274605,3,30
"866",0.999270083966622,0.000717983305611412,3,30
"867",0.999486395482866,0.000504507805326153,3,30
"868",0.999230787804529,0.000763011791426206,3,30
"869",0.999513308824044,0.000483429714156209,3,30
"870",0.999952279739344,4.69511936448706e-05,3,30
"871",0.999291298671449,0.000697788201621022,3,30
"872",0.999869180573622,0.000128811324818047,3,30
"873",0.998409950150058,0.00154697757370337,3,30
"874",0.999572247991331,0.000422399733960348,3,30
"875",0.999768815747929,0.000228730580383354,3,30
"876",0.999482547568812,0.000508357513084315,3,30
"877",0.99976189293782,0.000235238120634248,3,30
"878",0.999336069696416,0.000655847472318821,3,30
"879",0.999437545693788,0.00055627279367211,3,30
"880",0.999724140603339,0.000272404553484283,3,30
"881",0.999362069945541,0.000632388901330694,3,30
"882",0.999780612232907,0.000216879890802154,3,30
"883",0.9995365854409,0.000458312304870673,3,30
"884",0.999623770199664,0.000370444668699016,3,30
"885",0.998829774867982,0.00115582595644099,3,30
"886",0.99954191822226,0.000450432290306797,3,30
"887",0.99803699508334,0.0019166937953368,3,30
"888",0.999622705672659,0.000372019770956199,3,30
"889",0.999799907625006,0.000197675553375224,3,30
"890",0.999089430024852,0.000906762040766255,3,30
"891",0.999853425831598,0.000144648042835609,3,30
"892",0.999179864702985,0.000806471213152262,3,30
"893",0.999057328519731,0.000929740533090912,3,30
"894",0.99880838337973,0.00117636079376959,3,30
"895",0.999298569236991,0.000688893266165915,3,30
"896",0.998775503722613,0.0012100447654006,3,30
"897",0.999097178799682,0.000878515445020354,3,30
"898",0.999050629015412,0.000934088563476965,3,30
"899",0.99872696984184,0.00125366623999518,3,30
"900",0.99826452552213,0.0017035927686457,3,30
"901",0.983854357008681,0.0214288695518087,4,30
"902",0.983068156877704,0.0225388678595228,4,30
"903",0.980961350790314,0.0249592788740176,4,30
"904",0.990616539047431,0.0121597508662836,4,30
"905",0.980740398063203,0.0256170676057388,4,30
"906",0.987412223395531,0.0161945567426525,4,30
"907",0.97759460189215,0.0292026772813024,4,30
"908",0.981393444697185,0.023530432712479,4,30
"909",0.976660227440646,0.0291730434688299,4,30
"910",0.981470235832871,0.0241978589270352,4,30
"911",0.982767026403817,0.0220284907851138,4,30
"912",0.990636211812607,0.0124781723235192,4,30
"913",0.980990228441434,0.0251649660736279,4,30
"914",0.989840175204575,0.0134176336115053,4,30
"915",0.984278200559712,0.0210988633126263,4,30
"916",0.988763119271181,0.0146694181536857,4,30
"917",0.983035694840523,0.022472393889181,4,30
"918",0.981348413592186,0.024130937429019,4,30
"919",0.990415941151179,0.0126774227272645,4,30
"920",0.984762766336123,0.0199772545751543,4,30
"921",0.984324099549336,0.0214376395405579,4,30
"922",0.985296692265662,0.0195620589628212,4,30
"923",0.983882980378693,0.0216387560633192,4,30
"924",0.984219208965892,0.0211798957793884,4,30
"925",0.986882213415183,0.0170222751488374,4,30
"926",0.977141609721564,0.0298698721583673,4,30
"927",0.98801591274629,0.0164981777789958,4,30
"928",0.977241850103883,0.0293332346808368,4,30
"929",0.985240241533985,0.0194663453368548,4,30
"930",0.977847391388363,0.0294689622489877,4,30
"931",0.98595126840009,0.0187572676455354,4,30
"932",0.984882450539211,0.0197547727316316,4,30
"933",0.989633578096705,0.0132915457552269,4,30
"934",0.98346540788504,0.0216099767896525,4,30
"935",0.983243466010835,0.0211609834377502,4,30
"936",0.981266114974061,0.0248793773509255,4,30
"937",0.982001864682224,0.0237224929084359,4,30
"938",0.984195490081043,0.0198380445922877,4,30
"939",0.986205084038667,0.0179100898566995,4,30
"940",0.975604107191068,0.0333904589638016,4,30
"941",0.987486226705065,0.0168943659601505,4,30
"942",0.987239450260814,0.0164542133682,4,30
"943",0.977255899757533,0.02973387321685,4,30
"944",0.989349277805563,0.0147332216761594,4,30
"945",0.980036925711077,0.0269622266512955,4,30
"946",0.986181313567003,0.0185642543682876,4,30
"947",0.990385993852128,0.0123763799934913,4,30
"948",0.988820293115914,0.0141325600070172,4,30
"949",0.986611052058917,0.018177215134707,4,30
"950",0.977024568854816,0.0298961205045363,4,30
"951",0.983024868463495,0.0213540863304099,4,30
"952",0.982410007645162,0.02323993968005,4,30
"953",0.986068458386217,0.0186688195978299,4,30
"954",0.991224097977855,0.0114902526282086,4,30
"955",0.977854307907017,0.0282270966300704,4,30
"956",0.978178206954929,0.0280254917936566,4,30
"957",0.986433491838171,0.0179411632243235,4,30
"958",0.987594837071426,0.0168077325626406,4,30
"959",0.985645955883455,0.0192193257818348,4,30
"960",0.986162533469099,0.0186965147478585,4,30
"961",0.98454222270035,0.0209506472298068,4,30
"962",0.985095386220848,0.0195406365532891,4,30
"963",0.987222636821285,0.0168296811529331,4,30
"964",0.984968695822765,0.0197570611297082,4,30
"965",0.983787361096764,0.0223803579431107,4,30
"966",0.98168501184978,0.023690170247099,4,30
"967",0.985304802801536,0.0194509821296791,4,30
"968",0.986442956673416,0.0178351567847339,4,30
"969",0.977078645647181,0.0312668080911045,4,30
"970",0.982032890769642,0.02576701643512,4,30
"971",0.981526196104879,0.0234188851623933,4,30
"972",0.983306166383386,0.0219742480538397,4,30
"973",0.982444101944676,0.0228545761844312,4,30
"974",0.983163373867956,0.0219152567827609,4,30
"975",0.990950598474312,0.0120066081944214,4,30
"976",0.985722770595021,0.0191912921044586,4,30
"977",0.984850230800766,0.0204400889973492,4,30
"978",0.986920253342105,0.0173965308853106,4,30
"979",0.984370649843809,0.0207354886833025,4,30
"980",0.978888871206346,0.0277479391675805,4,30
"981",0.988710526638567,0.0148939975917603,4,30
"982",0.987968558505328,0.0156064147195038,4,30
"983",0.983022766072074,0.0223400803383449,4,30
"984",0.979026807920835,0.028016150815053,4,30
"985",0.981795852613791,0.0230456774703548,4,30
"986",0.979772828429495,0.0269335570332469,4,30
"987",0.980920085462822,0.0253995998555841,4,30
"988",0.985387221003947,0.0195962943139065,4,30
"989",0.989603104785682,0.0133672662962161,4,30
"990",0.98266462556994,0.0223995522639373,4,30
"991",0.982002186489731,0.0241944241822922,4,30
"992",0.978870975541837,0.0264167515374153,4,30
"993",0.98110592824271,0.0239141614591017,4,30
"994",0.978260085339699,0.028781673219532,4,30
"995",0.990086545820177,0.0132677285659197,4,30
"996",0.98891290692888,0.0146686129433439,4,30
"997",0.985346801231372,0.0200122494291002,4,30
"998",0.990429402405049,0.0126850596647847,4,30
"999",0.986126875427178,0.0181325441513123,4,30
"1000",0.981303704008217,0.0247677161675451,4,30
"1001",0.920798341717,0.153952271991348,5,30
"1002",0.926293553793743,0.140696488115446,5,30
"1003",0.92063293363593,0.152752989296445,5,30
"1004",0.919357686942236,0.154370994292847,5,30
"1005",0.921165174468393,0.153194056774407,5,30
"1006",0.926323954039787,0.140100469776839,5,30
"1007",0.923298145442732,0.147064126870924,5,30
"1008",0.929633107487922,0.131283527819376,5,30
"1009",0.942285087599977,0.114869016320584,5,30
"1010",0.926753942905696,0.140211197161956,5,30
"1011",0.938326933591715,0.122229436811439,5,30
"1012",0.910720458819866,0.167772175842739,5,30
"1013",0.92527500961468,0.138411230783967,5,30
"1014",0.946841373673925,0.103587989681107,5,30
"1015",0.936794431555938,0.122843775150478,5,30
"1016",0.913096492685728,0.163747004694471,5,30
"1017",0.929294168930121,0.136477500014825,5,30
"1018",0.920924930929295,0.146671147008534,5,30
"1019",0.94040142135842,0.118801820203283,5,30
"1020",0.916915671141495,0.158504492604338,5,30
"1021",0.923174392632441,0.149433807449667,5,30
"1022",0.918574598604914,0.15595854527802,5,30
"1023",0.916285433905276,0.157639506596755,5,30
"1024",0.925466067238334,0.142287007748693,5,30
"1025",0.925237524358341,0.139029710657297,5,30
"1026",0.909405584635979,0.169827028446756,5,30
"1027",0.923808435262451,0.144444576092374,5,30
"1028",0.915423141471415,0.165189645745885,5,30
"1029",0.925395781505569,0.139809440879531,5,30
"1030",0.937253006821556,0.122945231250994,5,30
"1031",0.91355559125884,0.162129628173688,5,30
"1032",0.911739042576608,0.169496008353501,5,30
"1033",0.915884282460332,0.154939675099319,5,30
"1034",0.922239723572808,0.151988212183311,5,30
"1035",0.916337141601564,0.157975739073088,5,30
"1036",0.936637033646403,0.124205945874541,5,30
"1037",0.929458998369658,0.132912591489547,5,30
"1038",0.905034825863016,0.177875264601063,5,30
"1039",0.910005741491786,0.169918708275347,5,30
"1040",0.931539177199019,0.132555286104854,5,30
"1041",0.932382112296553,0.13138002190996,5,30
"1042",0.923849954893713,0.150470958693711,5,30
"1043",0.91768691115923,0.151855030780514,5,30
"1044",0.921510798960863,0.147379356619291,5,30
"1045",0.91658086476989,0.160421938563218,5,30
"1046",0.931170300295,0.134905680495264,5,30
"1047",0.918871418339721,0.154782718474553,5,30
"1048",0.937742542178823,0.123923995403664,5,30
"1049",0.922673455874644,0.150427394369351,5,30
"1050",0.915587465393913,0.162517896347987,5,30
"1051",0.924870851461713,0.143734281220154,5,30
"1052",0.924371167991377,0.148562656183147,5,30
"1053",0.914637655480352,0.160269346433996,5,30
"1054",0.937159165933482,0.11998563340911,5,30
"1055",0.902932145072297,0.180656328534928,5,30
"1056",0.926689922987478,0.143482710347739,5,30
"1057",0.921690185984518,0.146206147414205,5,30
"1058",0.913544231063028,0.162409535717731,5,30
"1059",0.912590694269784,0.161504741695005,5,30
"1060",0.907248759637011,0.176651339954435,5,30
"1061",0.921652898149685,0.144396654691613,5,30
"1062",0.917358955094568,0.159876800739207,5,30
"1063",0.915552852947006,0.157163384523272,5,30
"1064",0.915110284604261,0.159212722827366,5,30
"1065",0.916402613944961,0.160023686363935,5,30
"1066",0.918799645886935,0.154264607888098,5,30
"1067",0.926414049044681,0.143596691119002,5,30
"1068",0.927396268230049,0.139722646505452,5,30
"1069",0.909618022589083,0.164430680357195,5,30
"1070",0.935424294815836,0.124916168093247,5,30
"1071",0.928942114822477,0.136042989349725,5,30
"1072",0.928643337766772,0.134301234389448,5,30
"1073",0.924312575426589,0.149336772144067,5,30
"1074",0.936394982224614,0.121222788489358,5,30
"1075",0.93073309535175,0.134814877981925,5,30
"1076",0.922155215940022,0.147715783140229,5,30
"1077",0.91816413682798,0.160000095862573,5,30
"1078",0.921490821394437,0.152834081374069,5,30
"1079",0.921541056582633,0.152778025581121,5,30
"1080",0.928735344939332,0.137232162112355,5,30
"1081",0.929454789037491,0.134457200945186,5,30
"1082",0.923209942474097,0.147192428532421,5,30
"1083",0.920250684223091,0.152956499920872,5,30
"1084",0.920504553544521,0.150131798676667,5,30
"1085",0.927384670583211,0.142491272204136,5,30
"1086",0.943925529544998,0.107823202603002,5,30
"1087",0.931298169062441,0.130580113852278,5,30
"1088",0.926331119997541,0.139510363731407,5,30
"1089",0.920277103926543,0.151286492234324,5,30
"1090",0.923441443998684,0.147232577583783,5,30
"1091",0.923421333055124,0.144778699375008,5,30
"1092",0.931354372896522,0.135865836452872,5,30
"1093",0.930701434967796,0.131952445579023,5,30
"1094",0.923769429413309,0.144880362655918,5,30
"1095",0.925088004669012,0.140061070529658,5,30
"1096",0.925071049437578,0.144233061134376,5,30
"1097",0.926543243144167,0.133975453290395,5,30
"1098",0.936998431556295,0.123094260187627,5,30
"1099",0.925935072662312,0.141210378969607,5,30
"1100",0.935582910380443,0.126858763919786,5,30
"1101",0.875033457007606,0.303864970346977,6,30
"1102",0.873953856307667,0.30582790984314,6,30
"1103",0.875070250473559,0.303228774743277,6,30
"1104",0.881736963415714,0.293011482626699,6,30
"1105",0.876009779961325,0.302537823200333,6,30
"1106",0.880816895384465,0.296153375760317,6,30
"1107",0.880971221227678,0.295327281277613,6,30
"1108",0.870704965637665,0.310600942261903,6,30
"1109",0.863506982488934,0.321091010581549,6,30
"1110",0.872482268520488,0.307487968986799,6,30
"1111",0.866879060353231,0.31502555264299,6,30
"1112",0.870780109704379,0.312132191853001,6,30
"1113",0.866188597579243,0.318478367377594,6,30
"1114",0.868765377788525,0.314224295593661,6,30
"1115",0.875264891122324,0.304275586666202,6,30
"1116",0.876790761602936,0.301670272196131,6,30
"1117",0.869588251831284,0.312693025485893,6,30
"1118",0.870255582997299,0.311244683170841,6,30
"1119",0.868996044271194,0.31398090693603,6,30
"1120",0.871400274675064,0.308956512565055,6,30
"1121",0.868577908170027,0.312098646353962,6,30
"1122",0.874305881127175,0.303103927902998,6,30
"1123",0.873694716044214,0.305400367323779,6,30
"1124",0.872559737354058,0.308134681943382,6,30
"1125",0.876240873974766,0.303831478739516,6,30
"1126",0.86998440497938,0.31225895103059,6,30
"1127",0.868579465304835,0.31393286658914,6,30
"1128",0.875091872864565,0.303884512036368,6,30
"1129",0.873470112858486,0.306504180457668,6,30
"1130",0.86492265545492,0.319242461661692,6,30
"1131",0.871705276670822,0.308894821048156,6,30
"1132",0.871853199115817,0.308549507409096,6,30
"1133",0.87379520057123,0.30459244398827,6,30
"1134",0.869120855569004,0.312176157946185,6,30
"1135",0.876443242945562,0.302913095056456,6,30
"1136",0.877223260225426,0.299613669625228,6,30
"1137",0.868224775617193,0.314702317582546,6,30
"1138",0.872832723768646,0.307251900007088,6,30
"1139",0.873072226306672,0.307134682325868,6,30
"1140",0.880071238913415,0.293723736016974,6,30
"1141",0.866372480412596,0.316832588496751,6,30
"1142",0.862710060730404,0.323449609370585,6,30
"1143",0.877721903026905,0.298548824434506,6,30
"1144",0.870157171975278,0.3119199880065,6,30
"1145",0.864127487560897,0.321499334640343,6,30
"1146",0.874021468782048,0.305755834497089,6,30
"1147",0.872374252401139,0.309300122351686,6,30
"1148",0.879857369019128,0.293584655590075,6,30
"1149",0.870743316238426,0.311465324973368,6,30
"1150",0.873549315095773,0.305461135097099,6,30
"1151",0.875270438049078,0.303048092306533,6,30
"1152",0.865568772709835,0.319418378254907,6,30
"1153",0.873945984614057,0.3062040980052,6,30
"1154",0.880053158322796,0.295492172126677,6,30
"1155",0.87278884670192,0.305313145512053,6,30
"1156",0.875534424575941,0.303838440373734,6,30
"1157",0.869880636632517,0.31202772000427,6,30
"1158",0.866078576333527,0.319626966298938,6,30
"1159",0.865413229833092,0.320148722324614,6,30
"1160",0.873140695252518,0.306997262015113,6,30
"1161",0.870487377674082,0.311381742879207,6,30
"1162",0.876752234733266,0.301798402212793,6,30
"1163",0.875394481714838,0.303519416232295,6,30
"1164",0.86957587397554,0.313422945975525,6,30
"1165",0.869958989526126,0.312894942965487,6,30
"1166",0.869583065466595,0.313021896805279,6,30
"1167",0.872644914048871,0.30793979747965,6,30
"1168",0.868600339114658,0.314161216645624,6,30
"1169",0.881353011854452,0.293510353006029,6,30
"1170",0.870954073273019,0.310168380595475,6,30
"1171",0.874377286663804,0.304753970782273,6,30
"1172",0.868793335199121,0.315303083396255,6,30
"1173",0.869974032250003,0.31183078327187,6,30
"1174",0.878095305589881,0.298961545940969,6,30
"1175",0.878861727980472,0.2982067970289,6,30
"1176",0.874466521529191,0.305034403494551,6,30
"1177",0.869533805305483,0.311087978200209,6,30
"1178",0.874415276702499,0.303682245997446,6,30
"1179",0.870295918263638,0.31194201658605,6,30
"1180",0.878649842751765,0.298127269542427,6,30
"1181",0.870361525611652,0.31383167771377,6,30
"1182",0.877828185742536,0.299007340875233,6,30
"1183",0.878478469058307,0.296933290129796,6,30
"1184",0.875709516338696,0.302103346599065,6,30
"1185",0.862062639012465,0.324334259720933,6,30
"1186",0.874443234113096,0.306039551667774,6,30
"1187",0.870089239860407,0.3112299702129,6,30
"1188",0.869060543885882,0.312988062864494,6,30
"1189",0.877059758225578,0.299265680944168,6,30
"1190",0.865480931146889,0.320360844187563,6,30
"1191",0.868250556941269,0.314540287701591,6,30
"1192",0.868096061956931,0.315992659622247,6,30
"1193",0.866252560362956,0.31846284179294,6,30
"1194",0.876120908940367,0.301183230491083,6,30
"1195",0.867420342727119,0.317884037931982,6,30
"1196",0.875621926037611,0.303246104696919,6,30
"1197",0.880062062756781,0.294588400097237,6,30
"1198",0.878182018958714,0.299455476028418,6,30
"1199",0.876997012475396,0.301449113760681,6,30
"1200",0.874165061333819,0.305694286718138,6,30
"1201",0.999876235164047,0.000121996913486369,3,50
"1202",0.998314157448018,0.00165312316931426,3,50
"1203",0.999010610829822,0.000978303185651119,3,50
"1204",0.999784977751388,0.000212188332622883,3,50
"1205",0.999273364784588,0.000716258704794452,3,50
"1206",0.999522674264919,0.000471851043594267,3,50
"1207",0.999831615804483,0.000165600062695315,3,50
"1208",0.999340116397775,0.000654169463074219,3,50
"1209",0.999325568923923,0.000657465877751985,3,50
"1210",0.998863956526805,0.0011218441687792,3,50
"1211",0.999259055327363,0.000733314672292974,3,50
"1212",0.999156752437922,0.000825546503853348,3,50
"1213",0.998557259540519,0.00143447171910394,3,50
"1214",0.99880803751483,0.00117787649159501,3,50
"1215",0.998830129079286,0.00116793108117992,3,50
"1216",0.998786315190212,0.0011979391005269,3,50
"1217",0.999640835222957,0.000352079975759286,3,50
"1218",0.997993998644552,0.00195894454620321,3,50
"1219",0.998760050827843,0.00120636639065675,3,50
"1220",0.997079484265475,0.00286432545009644,3,50
"1221",0.999555326629243,0.000435773693016793,3,50
"1222",0.999415956928516,0.000576638181724997,3,50
"1223",0.999360452280394,0.000628208098605783,3,50
"1224",0.999710797942567,0.000285242461619469,3,50
"1225",0.997041669099623,0.00293016675928553,3,50
"1226",0.999335243919246,0.000657294703008398,3,50
"1227",0.998092976840671,0.00187767819466362,3,50
"1228",0.99900996580327,0.000975248271188415,3,50
"1229",0.999474045958877,0.000519268644463995,3,50
"1230",0.999106840115801,0.000880939092441425,3,50
"1231",0.996765535862138,0.00318943546601548,3,50
"1232",0.999498045622964,0.000493968354950068,3,50
"1233",0.998445042205701,0.00153490546126446,3,50
"1234",0.998706821161165,0.00127041148067526,3,50
"1235",0.996818103264031,0.0031522157446102,3,50
"1236",0.999245766113278,0.000746819732603319,3,50
"1237",0.999553488351606,0.000440504231443575,3,50
"1238",0.998554107866099,0.00143097225959863,3,50
"1239",0.997120075506342,0.00285197351374946,3,50
"1240",0.999909478456292,8.91130027362591e-05,3,50
"1241",0.997647839460533,0.00231086182555312,3,50
"1242",0.99930991310248,0.000678439448741026,3,50
"1243",0.999107882176319,0.000883472474484173,3,50
"1244",0.998909673886543,0.00108073158731792,3,50
"1245",0.997559669566963,0.00240667697715003,3,50
"1246",0.999554465327419,0.000437056378683425,3,50
"1247",0.997899853894383,0.00206536798685072,3,50
"1248",0.999330043518489,0.000665080102464199,3,50
"1249",0.998200521810602,0.00176777840812871,3,50
"1250",0.999767161748631,0.00023039620952895,3,50
"1251",0.997438741379586,0.00249619259849325,3,50
"1252",0.99870322658819,0.00128198312658067,3,50
"1253",0.998934555991671,0.00104799135566992,3,50
"1254",0.999519519263896,0.000472394259705805,3,50
"1255",0.999560991079181,0.000431443217095838,3,50
"1256",0.999771278852108,0.000224307750904873,3,50
"1257",0.998624877108708,0.00134487195685583,3,50
"1258",0.999030768295531,0.000952729828738437,3,50
"1259",0.99805916338053,0.00191950812623908,3,50
"1260",0.999022631675718,0.000962558425851979,3,50
"1261",0.999634747491541,0.000361059265299374,3,50
"1262",0.998759647453772,0.00122497740757071,3,50
"1263",0.998654678512054,0.00132710689793146,3,50
"1264",0.998805214646078,0.00117797847038929,3,50
"1265",0.999771186408392,0.000226480174684409,3,50
"1266",0.999367144050947,0.000618372634073258,3,50
"1267",0.999409932672966,0.000579467020544672,3,50
"1268",0.999126792169873,0.000867772681447871,3,50
"1269",0.99921068463187,0.000784513246097733,3,50
"1270",0.999954605024469,4.47562803245414e-05,3,50
"1271",0.999256934545815,0.000728350824602491,3,50
"1272",0.999823149798232,0.000174050514252867,3,50
"1273",0.998292040803326,0.00165572098391924,3,50
"1274",0.99952715074671,0.000469312878182997,3,50
"1275",0.999830459501719,0.000167311017712281,3,50
"1276",0.99930390651655,0.000683322860684722,3,50
"1277",0.999880089930995,0.000118332581851605,3,50
"1278",0.99944037544956,0.000552766233312746,3,50
"1279",0.999463572401644,0.000532803838280491,3,50
"1280",0.999678930686448,0.000316077805448891,3,50
"1281",0.99933229643945,0.00066376927037058,3,50
"1282",0.999739781823544,0.000256629276683826,3,50
"1283",0.999575474728997,0.000418178507854624,3,50
"1284",0.999575244974061,0.00041852070656253,3,50
"1285",0.998566966707608,0.00141585296172412,3,50
"1286",0.99949150261957,0.000499610481987267,3,50
"1287",0.997894507620183,0.00205524572748607,3,50
"1288",0.999470899322796,0.000519851805366427,3,50
"1289",0.99961462883185,0.000380639352809273,3,50
"1290",0.998775697266953,0.00121571590462978,3,50
"1291",0.999667551434303,0.000328847780389105,3,50
"1292",0.999400897135929,0.000588730550845626,3,50
"1293",0.998867023602781,0.00111928725446803,3,50
"1294",0.998666130844331,0.00132047654645561,3,50
"1295",0.999373057495254,0.000615655397985145,3,50
"1296",0.9989645700658,0.00101597177183749,3,50
"1297",0.998905279101583,0.00106503051855043,3,50
"1298",0.998931650834271,0.00104820835201256,3,50
"1299",0.998672994221201,0.00131437401093306,3,50
"1300",0.997982860756934,0.00197552068895959,3,50
"1301",0.983240363089233,0.0225210781904348,4,50
"1302",0.982606291785438,0.0231177752879463,4,50
"1303",0.979232605226701,0.0269940069253704,4,50
"1304",0.98951371335734,0.0135432006693441,4,50
"1305",0.981414845922262,0.0252162696762145,4,50
"1306",0.986118509225822,0.0176806721499952,4,50
"1307",0.975534390415387,0.0321756845351992,4,50
"1308",0.98072216726464,0.0244080534662434,4,50
"1309",0.974256410643469,0.0324427853240412,4,50
"1310",0.981249662324523,0.0244102692359339,4,50
"1311",0.98252792525935,0.0223650997155207,4,50
"1312",0.990563532424818,0.0125340467347642,4,50
"1313",0.978559694944217,0.0283914882368064,4,50
"1314",0.989701310773974,0.0136140557521258,4,50
"1315",0.984706099599411,0.0206275250492228,4,50
"1316",0.989199494146306,0.0140903708341939,4,50
"1317",0.982035397793604,0.0236876894383257,4,50
"1318",0.981585705903026,0.0237804479605806,4,50
"1319",0.990018397486455,0.0131666966830556,4,50
"1320",0.982463145571191,0.0229613653669834,4,50
"1321",0.982625199009447,0.0233212072705568,4,50
"1322",0.985107977854776,0.0197768113973554,4,50
"1323",0.982122872926485,0.0240777215262528,4,50
"1324",0.983581439230644,0.0219665398798517,4,50
"1325",0.98533398236418,0.0189771052480397,4,50
"1326",0.976980680967193,0.0300509379186272,4,50
"1327",0.987690093970594,0.0167099572191768,4,50
"1328",0.974219837482097,0.0336007260821475,4,50
"1329",0.983512690967874,0.0219468895471707,4,50
"1330",0.977388905550904,0.0300843427988477,4,50
"1331",0.98551119179713,0.0193274147774357,4,50
"1332",0.984583524711743,0.0200595491718588,4,50
"1333",0.987174866295051,0.0166055608588316,4,50
"1334",0.982808771646994,0.0222249415165421,4,50
"1335",0.982661494160751,0.0217204413946217,4,50
"1336",0.979820276573563,0.0266257923481634,4,50
"1337",0.981385749178716,0.0242548309055798,4,50
"1338",0.985382788532875,0.0184016384979696,4,50
"1339",0.98433813858343,0.0203837386483422,4,50
"1340",0.975011087878167,0.0338716990882849,4,50
"1341",0.986251193559035,0.0186855649663081,4,50
"1342",0.986304737168271,0.0177690191770727,4,50
"1343",0.977183205277068,0.0298957190672041,4,50
"1344",0.989905147993067,0.0142192370716327,4,50
"1345",0.97901816461457,0.0284471427414445,4,50
"1346",0.985614442776092,0.019264886029229,4,50
"1347",0.989844098613564,0.0129477104586266,4,50
"1348",0.987627598295995,0.0156725908522036,4,50
"1349",0.985699968325222,0.0192051757392198,4,50
"1350",0.97613036024806,0.0310109491031492,4,50
"1351",0.980953066603181,0.0239118080370268,4,50
"1352",0.982787958930368,0.0226524088994368,4,50
"1353",0.987356990249556,0.0169818024039905,4,50
"1354",0.990564296801868,0.0123117998824288,4,50
"1355",0.978169308055005,0.0276571089814373,4,50
"1356",0.978992787353003,0.0270933922192031,4,50
"1357",0.985961617901816,0.0185317134990738,4,50
"1358",0.986719260868362,0.0178880167796827,4,50
"1359",0.982207501709032,0.0239901409080017,4,50
"1360",0.985641050367837,0.0194101351991275,4,50
"1361",0.98356688185265,0.0222275135177819,4,50
"1362",0.985706315453729,0.0187138482765927,4,50
"1363",0.986332684472961,0.0179235364222584,4,50
"1364",0.984682332220898,0.0202288248472253,4,50
"1365",0.982528402709516,0.0240685256028703,4,50
"1366",0.982707586362403,0.0222275215013578,4,50
"1367",0.985348745346312,0.0194521142088444,4,50
"1368",0.986486824926098,0.0177292376249491,4,50
"1369",0.97451737958967,0.0350215876871595,4,50
"1370",0.981722870710422,0.0260998800980265,4,50
"1371",0.980138868615506,0.0249032562834703,4,50
"1372",0.983353233616292,0.0222130294124359,4,50
"1373",0.982069107561086,0.0233821312855953,4,50
"1374",0.982832922939277,0.022220965724047,4,50
"1375",0.990166559178651,0.0130138369703892,4,50
"1376",0.98499941038119,0.0203066856954585,4,50
"1377",0.984089250578035,0.0216156741078898,4,50
"1378",0.986001900634719,0.0186428281265456,4,50
"1379",0.984871169842877,0.0200824270185935,4,50
"1380",0.978716933897743,0.0279294648135906,4,50
"1381",0.988336092437725,0.0153312350860871,4,50
"1382",0.986525927320386,0.0173930320069214,4,50
"1383",0.983424064477828,0.0217135018528347,4,50
"1384",0.97776242214436,0.0296772566834164,4,50
"1385",0.981282197153397,0.0235386965961921,4,50
"1386",0.979991954608394,0.026728923438166,4,50
"1387",0.980857782592907,0.0254584042274902,4,50
"1388",0.98514256262951,0.0198461484396729,4,50
"1389",0.990369700989818,0.012455324028103,4,50
"1390",0.982636520411643,0.0225822600662982,4,50
"1391",0.981282894864474,0.0250502273026419,4,50
"1392",0.978706742364251,0.0265488157851841,4,50
"1393",0.980988865237531,0.0241558738478979,4,50
"1394",0.978680360383438,0.0281890630987546,4,50
"1395",0.989346235727639,0.0142907734489089,4,50
"1396",0.989096321016315,0.0143075961574899,4,50
"1397",0.984623824031194,0.0208635635721515,4,50
"1398",0.989582505748273,0.0137834442169236,4,50
"1399",0.986854490850106,0.0172544713390247,4,50
"1400",0.981940688737947,0.0239587392512921,4,50
"1401",0.916975313733372,0.159947566839267,5,50
"1402",0.924524510631077,0.14390218638106,5,50
"1403",0.917187294228648,0.157535485640761,5,50
"1404",0.916168219285025,0.159359051668542,5,50
"1405",0.916402533603967,0.16000621989107,5,50
"1406",0.92276820585034,0.144998191517584,5,50
"1407",0.918333517896806,0.154432405745789,5,50
"1408",0.928028112167129,0.134258606203027,5,50
"1409",0.939169090594048,0.119591291758814,5,50
"1410",0.923152661159229,0.145657096518111,5,50
"1411",0.936465319313489,0.125804876123269,5,50
"1412",0.908395919612984,0.171016513822763,5,50
"1413",0.922728359537064,0.142837205273456,5,50
"1414",0.945686513930427,0.105542882788092,5,50
"1415",0.933844767584113,0.127638724155921,5,50
"1416",0.912188421959998,0.165373549024063,5,50
"1417",0.926569272395891,0.141063939683696,5,50
"1418",0.919230129579083,0.150061386230641,5,50
"1419",0.937844414323408,0.122975654675783,5,50
"1420",0.914031946206201,0.162473705282744,5,50
"1421",0.919313479336471,0.155466119624497,5,50
"1422",0.914177055699155,0.161619778604969,5,50
"1423",0.911918305039415,0.163310642985059,5,50
"1424",0.922945705620234,0.145783687038171,5,50
"1425",0.919599091440607,0.147580207857202,5,50
"1426",0.90446284279812,0.176939189058357,5,50
"1427",0.922238698811851,0.146154413220471,5,50
"1428",0.913245991841018,0.168343192772861,5,50
"1429",0.921958643437014,0.144566987137754,5,50
"1430",0.934578007468872,0.127696444988666,5,50
"1431",0.911306627791198,0.165977038316355,5,50
"1432",0.908977298734638,0.173225166385824,5,50
"1433",0.912803660108195,0.160000353254136,5,50
"1434",0.919922933127403,0.155324113718503,5,50
"1435",0.914461341153772,0.160208845770734,5,50
"1436",0.937432110321156,0.123698778366585,5,50
"1437",0.926257347448823,0.137932213185331,5,50
"1438",0.904407684078498,0.179088744626716,5,50
"1439",0.90722395653203,0.17369345549629,5,50
"1440",0.930642790068297,0.134246312649244,5,50
"1441",0.928044707086643,0.137717438694121,5,50
"1442",0.923004469646663,0.151488682958933,5,50
"1443",0.915071065646559,0.155890383020514,5,50
"1444",0.917305639813679,0.153652630475095,5,50
"1445",0.913314852172409,0.16561406952294,5,50
"1446",0.929191632093639,0.138170828687766,5,50
"1447",0.916899953581429,0.157889918873745,5,50
"1448",0.933436825175357,0.130384863609694,5,50
"1449",0.920500990387158,0.153565809650703,5,50
"1450",0.911854536309081,0.167263635182946,5,50
"1451",0.922322953202295,0.148454198056179,5,50
"1452",0.92331978193483,0.150108574737104,5,50
"1453",0.911209472427181,0.165422365277832,5,50
"1454",0.933523867202387,0.125969954701839,5,50
"1455",0.900589687357121,0.183263016778215,5,50
"1456",0.9237718445031,0.148416880219283,5,50
"1457",0.921151687816601,0.147749870820491,5,50
"1458",0.909913650193645,0.166726148610138,5,50
"1459",0.908412254289592,0.167594467298001,5,50
"1460",0.906624841314684,0.177988031598275,5,50
"1461",0.916581560443683,0.152777779261407,5,50
"1462",0.915628352959988,0.163082959848807,5,50
"1463",0.912377077151079,0.162031255946566,5,50
"1464",0.910348596796679,0.165439904513549,5,50
"1465",0.913609858613152,0.164017334678086,5,50
"1466",0.915397797552909,0.159872419996313,5,50
"1467",0.923460054601439,0.147887312794279,5,50
"1468",0.924706673390877,0.144295004838621,5,50
"1469",0.903563108403745,0.17298275910417,5,50
"1470",0.933229660523381,0.129331535808455,5,50
"1471",0.92696034343512,0.139198324485565,5,50
"1472",0.926104255388583,0.138263048128667,5,50
"1473",0.921308238174112,0.153980823703831,5,50
"1474",0.932080721184225,0.12888786213556,5,50
"1475",0.928427144670233,0.137958209242695,5,50
"1476",0.920737900047308,0.14989082883901,5,50
"1477",0.915708743729797,0.164339051947676,5,50
"1478",0.916822973892283,0.159244981961967,5,50
"1479",0.918176032248582,0.158338115191573,5,50
"1480",0.926409539082734,0.140705585072592,5,50
"1481",0.926622439312325,0.138784855682394,5,50
"1482",0.92057748910136,0.151006761526503,5,50
"1483",0.91705851554904,0.157364133894678,5,50
"1484",0.918295417032007,0.153015672543128,5,50
"1485",0.927631253128162,0.142284846435993,5,50
"1486",0.940422404566959,0.113167244566822,5,50
"1487",0.928315088040651,0.135800681807369,5,50
"1488",0.92357574765208,0.144324321296731,5,50
"1489",0.918065257693626,0.155147655579343,5,50
"1490",0.921104295222612,0.151180685553429,5,50
"1491",0.920330495467278,0.148748256550982,5,50
"1492",0.929075077130555,0.139369758350526,5,50
"1493",0.92712925033437,0.137015107784937,5,50
"1494",0.921110323238839,0.149197609898484,5,50
"1495",0.91870344212165,0.149344805022154,5,50
"1496",0.923746932144226,0.146241619893324,5,50
"1497",0.921077024834271,0.14242759583672,5,50
"1498",0.933658697236857,0.128412543397295,5,50
"1499",0.921681089003821,0.147822614928617,5,50
"1500",0.933221468692565,0.130975692425186,5,50
"1501",0.867932111050392,0.315376893522126,6,50
"1502",0.867533349359714,0.315407005452508,6,50
"1503",0.866820018586307,0.316400044486821,6,50
"1504",0.876809464166998,0.30234869613202,6,50
"1505",0.869983464463461,0.312721401587765,6,50
"1506",0.874077435713524,0.307585361471994,6,50
"1507",0.874915356547404,0.305455787139217,6,50
"1508",0.862191809808122,0.323297480753815,6,50
"1509",0.855703350267564,0.332425578483642,6,50
"1510",0.864046490642851,0.322270986630657,6,50
"1511",0.859658827094208,0.326621543504783,6,50
"1512",0.865459354409714,0.321119533080645,6,50
"1513",0.861159080235444,0.326877989254053,6,50
"1514",0.861502598963073,0.325721044211304,6,50
"1515",0.868368920221267,0.31532467654435,6,50
"1516",0.869388514729318,0.313631384252823,6,50
"1517",0.865858092911499,0.319960404431099,6,50
"1518",0.863005225265529,0.321857152705576,6,50
"1519",0.86292006198992,0.322737453952008,6,50
"1520",0.865292987592049,0.319316007223763,6,50
"1521",0.862295600580224,0.323027096772884,6,50
"1522",0.867126075053286,0.31521895446459,6,50
"1523",0.865940983710559,0.318558816288773,6,50
"1524",0.864465743669564,0.320871351653763,6,50
"1525",0.871220046303348,0.312224334174676,6,50
"1526",0.862209466636955,0.325471797625089,6,50
"1527",0.862928597794564,0.32250279045095,6,50
"1528",0.869015560224002,0.315305021700322,6,50
"1529",0.865447960908975,0.319138227138775,6,50
"1530",0.859207889002153,0.328183277626677,6,50
"1531",0.866204370248464,0.318575407825514,6,50
"1532",0.864518613471392,0.319248064054707,6,50
"1533",0.86712743116906,0.315750186695011,6,50
"1534",0.861402459972188,0.324094679433981,6,50
"1535",0.870589298376664,0.312516441759985,6,50
"1536",0.870211822107143,0.311831250096491,6,50
"1537",0.861820234607474,0.326401993961155,6,50
"1538",0.866789304188625,0.317507257519491,6,50
"1539",0.866267254246363,0.318683019989842,6,50
"1540",0.870805007088505,0.308465601409847,6,50
"1541",0.860647507433146,0.325542627981611,6,50
"1542",0.856201989374577,0.333934417464433,6,50
"1543",0.870027413012531,0.312019701128475,6,50
"1544",0.864603854242779,0.321414831388222,6,50
"1545",0.85897225098493,0.329405921758645,6,50
"1546",0.866746248811437,0.316775216038192,6,50
"1547",0.865743517047097,0.319786066749643,6,50
"1548",0.873343991555963,0.305491902223164,6,50
"1549",0.863493141083361,0.323432351320471,6,50
"1550",0.866105101240567,0.317448688960852,6,50
"1551",0.869677993216028,0.31229178673261,6,50
"1552",0.859046020759801,0.330288932812389,6,50
"1553",0.868484489942222,0.315401590883189,6,50
"1554",0.873590899200359,0.306161547344313,6,50
"1555",0.866659729420053,0.316443118983242,6,50
"1556",0.868978382726794,0.315030549357949,6,50
"1557",0.863219940120816,0.323021164228718,6,50
"1558",0.857028416023047,0.332815037386262,6,50
"1559",0.859457146618877,0.329495556311256,6,50
"1560",0.868153211509427,0.315666961694601,6,50
"1561",0.863831167379125,0.321473947729168,6,50
"1562",0.868529794607066,0.313613046524567,6,50
"1563",0.868411613339234,0.313784551327065,6,50
"1564",0.864519607327945,0.320549306418008,6,50
"1565",0.864162930346795,0.321941463236314,6,50
"1566",0.862445974637166,0.324279625002906,6,50
"1567",0.866682878680752,0.316296134892645,6,50
"1568",0.863437921309206,0.323995855685445,6,50
"1569",0.873606283552643,0.307866071373444,6,50
"1570",0.863459791949908,0.322251051584291,6,50
"1571",0.868575507908918,0.315394073270729,6,50
"1572",0.862352684193921,0.326397581446292,6,50
"1573",0.864160681059139,0.321295087676646,6,50
"1574",0.871135291664747,0.310602955415624,6,50
"1575",0.870263027840861,0.311617970926166,6,50
"1576",0.86729734908327,0.316867079891811,6,50
"1577",0.862137575812363,0.323218387978347,6,50
"1578",0.866734469862584,0.315876108716405,6,50
"1579",0.865220188484839,0.319342053067226,6,50
"1580",0.873883597642386,0.307292632224132,6,50
"1581",0.865298480023915,0.321795862394714,6,50
"1582",0.871979090378608,0.308694769935098,6,50
"1583",0.871152154408458,0.30906869007358,6,50
"1584",0.868495860254068,0.315119423782787,6,50
"1585",0.855739657781783,0.334251800034613,6,50
"1586",0.868116034012219,0.315579182667106,6,50
"1587",0.864064147471684,0.321958912826025,6,50
"1588",0.862556637145801,0.3230769805776,6,50
"1589",0.869925972212757,0.311112418205151,6,50
"1590",0.859434968025839,0.331160777714177,6,50
"1591",0.860780325345926,0.327190531995969,6,50
"1592",0.86251583105627,0.324544008325555,6,50
"1593",0.859231623482397,0.329457945518923,6,50
"1594",0.867334912028593,0.314539873669058,6,50
"1595",0.862923105362698,0.324107571952894,6,50
"1596",0.870724365577102,0.311596138958089,6,50
"1597",0.872393744145337,0.308126003167316,6,50
"1598",0.87071338071337,0.311650195693225,6,50
"1599",0.870394567133645,0.311416466458948,6,50
"1600",0.868744532651246,0.31497510195865,6,50
"1601",0,0,0,0
"1602",0,0,0,0
"1603",0,0,0,0
"1604",0,0,0,0
"1605",0,0,0,0
"1606",0,0,0,0
"1607",0,0,0,0
"1608",0,0,0,0
"1609",0,0,0,0
"1610",0,0,0,0
"1611",0,0,0,0
"1612",0,0,0,0
"1613",0,0,0,0
"1614",0,0,0,0
"1615",0,0,0,0
"1616",0,0,0,0
"1617",0,0,0,0
"1618",0,0,0,0
"1619",0,0,0,0
"1620",0,0,0,0
"1621",0,0,0,0
"1622",0,0,0,0
"1623",0,0,0,0
"1624",0,0,0,0
"1625",0,0,0,0
"1626",0,0,0,0
"1627",0,0,0,0
"1628",0,0,0,0
"1629",0,0,0,0
"1630",0,0,0,0
"1631",0,0,0,0
"1632",0,0,0,0
"1633",0,0,0,0
"1634",0,0,0,0
"1635",0,0,0,0
"1636",0,0,0,0
"1637",0,0,0,0
"1638",0,0,0,0
"1639",0,0,0,0
"1640",0,0,0,0
"1641",0,0,0,0
"1642",0,0,0,0
"1643",0,0,0,0
"1644",0,0,0,0
"1645",0,0,0,0
"1646",0,0,0,0
"1647",0,0,0,0
"1648",0,0,0,0
"1649",0,0,0,0
"1650",0,0,0,0
"1651",0,0,0,0
"1652",0,0,0,0
"1653",0,0,0,0
"1654",0,0,0,0
"1655",0,0,0,0
"1656",0,0,0,0
"1657",0,0,0,0
"1658",0,0,0,0
"1659",0,0,0,0
"1660",0,0,0,0
"1661",0,0,0,0
"1662",0,0,0,0
"1663",0,0,0,0
"1664",0,0,0,0
"1665",0,0,0,0
"1666",0,0,0,0
"1667",0,0,0,0
"1668",0,0,0,0
"1669",0,0,0,0
"1670",0,0,0,0
"1671",0,0,0,0
"1672",0,0,0,0
"1673",0,0,0,0
"1674",0,0,0,0
"1675",0,0,0,0
"1676",0,0,0,0
"1677",0,0,0,0
"1678",0,0,0,0
"1679",0,0,0,0
"1680",0,0,0,0
"1681",0,0,0,0
"1682",0,0,0,0
"1683",0,0,0,0
"1684",0,0,0,0
"1685",0,0,0,0
"1686",0,0,0,0
"1687",0,0,0,0
"1688",0,0,0,0
"1689",0,0,0,0
"1690",0,0,0,0
"1691",0,0,0,0
"1692",0,0,0,0
"1693",0,0,0,0
"1694",0,0,0,0
"1695",0,0,0,0
"1696",0,0,0,0
"1697",0,0,0,0
"1698",0,0,0,0
"1699",0,0,0,0
"1700",0,0,0,0
"1701",0,0,0,0
"1702",0,0,0,0
"1703",0,0,0,0
"1704",0,0,0,0
"1705",0,0,0,0
"1706",0,0,0,0
"1707",0,0,0,0
"1708",0,0,0,0
"1709",0,0,0,0
"1710",0,0,0,0
"1711",0,0,0,0
"1712",0,0,0,0
"1713",0,0,0,0
"1714",0,0,0,0
"1715",0,0,0,0
"1716",0,0,0,0
"1717",0,0,0,0
"1718",0,0,0,0
"1719",0,0,0,0
"1720",0,0,0,0
"1721",0,0,0,0
"1722",0,0,0,0
"1723",0,0,0,0
"1724",0,0,0,0
"1725",0,0,0,0
"1726",0,0,0,0
"1727",0,0,0,0
"1728",0,0,0,0
"1729",0,0,0,0
"1730",0,0,0,0
"1731",0,0,0,0
"1732",0,0,0,0
"1733",0,0,0,0
"1734",0,0,0,0
"1735",0,0,0,0
"1736",0,0,0,0
"1737",0,0,0,0
"1738",0,0,0,0
"1739",0,0,0,0
"1740",0,0,0,0
"1741",0,0,0,0
"1742",0,0,0,0
"1743",0,0,0,0
"1744",0,0,0,0
"1745",0,0,0,0
"1746",0,0,0,0
"1747",0,0,0,0
"1748",0,0,0,0
"1749",0,0,0,0
"1750",0,0,0,0
"1751",0,0,0,0
"1752",0,0,0,0
"1753",0,0,0,0
"1754",0,0,0,0
"1755",0,0,0,0
"1756",0,0,0,0
"1757",0,0,0,0
"1758",0,0,0,0
"1759",0,0,0,0
"1760",0,0,0,0
"1761",0,0,0,0
"1762",0,0,0,0
"1763",0,0,0,0
"1764",0,0,0,0
"1765",0,0,0,0
"1766",0,0,0,0
"1767",0,0,0,0
"1768",0,0,0,0
"1769",0,0,0,0
"1770",0,0,0,0
"1771",0,0,0,0
"1772",0,0,0,0
"1773",0,0,0,0
"1774",0,0,0,0
"1775",0,0,0,0
"1776",0,0,0,0
"1777",0,0,0,0
"1778",0,0,0,0
"1779",0,0,0,0
"1780",0,0,0,0
"1781",0,0,0,0
"1782",0,0,0,0
"1783",0,0,0,0
"1784",0,0,0,0
"1785",0,0,0,0
"1786",0,0,0,0
"1787",0,0,0,0
"1788",0,0,0,0
"1789",0,0,0,0
"1790",0,0,0,0
"1791",0,0,0,0
"1792",0,0,0,0
"1793",0,0,0,0
"1794",0,0,0,0
"1795",0,0,0,0
"1796",0,0,0,0
"1797",0,0,0,0
"1798",0,0,0,0
"1799",0,0,0,0
"1800",0,0,0,0
"1801",0,0,0,0
"1802",0,0,0,0
"1803",0,0,0,0
"1804",0,0,0,0
"1805",0,0,0,0
"1806",0,0,0,0
"1807",0,0,0,0
"1808",0,0,0,0
"1809",0,0,0,0
"1810",0,0,0,0
"1811",0,0,0,0
"1812",0,0,0,0
"1813",0,0,0,0
"1814",0,0,0,0
"1815",0,0,0,0
"1816",0,0,0,0
"1817",0,0,0,0
"1818",0,0,0,0
"1819",0,0,0,0
"1820",0,0,0,0
"1821",0,0,0,0
"1822",0,0,0,0
"1823",0,0,0,0
"1824",0,0,0,0
"1825",0,0,0,0
"1826",0,0,0,0
"1827",0,0,0,0
"1828",0,0,0,0
"1829",0,0,0,0
"1830",0,0,0,0
"1831",0,0,0,0
"1832",0,0,0,0
"1833",0,0,0,0
"1834",0,0,0,0
"1835",0,0,0,0
"1836",0,0,0,0
"1837",0,0,0,0
"1838",0,0,0,0
"1839",0,0,0,0
"1840",0,0,0,0
"1841",0,0,0,0
"1842",0,0,0,0
"1843",0,0,0,0
"1844",0,0,0,0
"1845",0,0,0,0
"1846",0,0,0,0
"1847",0,0,0,0
"1848",0,0,0,0
"1849",0,0,0,0
"1850",0,0,0,0
"1851",0,0,0,0
"1852",0,0,0,0
"1853",0,0,0,0
"1854",0,0,0,0
"1855",0,0,0,0
"1856",0,0,0,0
"1857",0,0,0,0
"1858",0,0,0,0
"1859",0,0,0,0
"1860",0,0,0,0
"1861",0,0,0,0
"1862",0,0,0,0
"1863",0,0,0,0
"1864",0,0,0,0
"1865",0,0,0,0
"1866",0,0,0,0
"1867",0,0,0,0
"1868",0,0,0,0
"1869",0,0,0,0
"1870",0,0,0,0
"1871",0,0,0,0
"1872",0,0,0,0
"1873",0,0,0,0
"1874",0,0,0,0
"1875",0,0,0,0
"1876",0,0,0,0
"1877",0,0,0,0
"1878",0,0,0,0
"1879",0,0,0,0
"1880",0,0,0,0
"1881",0,0,0,0
"1882",0,0,0,0
"1883",0,0,0,0
"1884",0,0,0,0
"1885",0,0,0,0
"1886",0,0,0,0
"1887",0,0,0,0
"1888",0,0,0,0
"1889",0,0,0,0
"1890",0,0,0,0
"1891",0,0,0,0
"1892",0,0,0,0
"1893",0,0,0,0
"1894",0,0,0,0
"1895",0,0,0,0
"1896",0,0,0,0
"1897",0,0,0,0
"1898",0,0,0,0
"1899",0,0,0,0
"1900",0,0,0,0
"1901",0,0,0,0
"1902",0,0,0,0
"1903",0,0,0,0
"1904",0,0,0,0
"1905",0,0,0,0
"1906",0,0,0,0
"1907",0,0,0,0
"1908",0,0,0,0
"1909",0,0,0,0
"1910",0,0,0,0
"1911",0,0,0,0
"1912",0,0,0,0
"1913",0,0,0,0
"1914",0,0,0,0
"1915",0,0,0,0
"1916",0,0,0,0
"1917",0,0,0,0
"1918",0,0,0,0
"1919",0,0,0,0
"1920",0,0,0,0
"1921",0,0,0,0
"1922",0,0,0,0
"1923",0,0,0,0
"1924",0,0,0,0
"1925",0,0,0,0
"1926",0,0,0,0
"1927",0,0,0,0
"1928",0,0,0,0
"1929",0,0,0,0
"1930",0,0,0,0
"1931",0,0,0,0
"1932",0,0,0,0
"1933",0,0,0,0
"1934",0,0,0,0
"1935",0,0,0,0
"1936",0,0,0,0
"1937",0,0,0,0
"1938",0,0,0,0
"1939",0,0,0,0
"1940",0,0,0,0
"1941",0,0,0,0
"1942",0,0,0,0
"1943",0,0,0,0
"1944",0,0,0,0
"1945",0,0,0,0
"1946",0,0,0,0
"1947",0,0,0,0
"1948",0,0,0,0
"1949",0,0,0,0
"1950",0,0,0,0
"1951",0,0,0,0
"1952",0,0,0,0
"1953",0,0,0,0
"1954",0,0,0,0
"1955",0,0,0,0
"1956",0,0,0,0
"1957",0,0,0,0
"1958",0,0,0,0
"1959",0,0,0,0
"1960",0,0,0,0
"1961",0,0,0,0
"1962",0,0,0,0
"1963",0,0,0,0
"1964",0,0,0,0
"1965",0,0,0,0
"1966",0,0,0,0
"1967",0,0,0,0
"1968",0,0,0,0
"1969",0,0,0,0
"1970",0,0,0,0
"1971",0,0,0,0
"1972",0,0,0,0
"1973",0,0,0,0
"1974",0,0,0,0
"1975",0,0,0,0
"1976",0,0,0,0
"1977",0,0,0,0
"1978",0,0,0,0
"1979",0,0,0,0
"1980",0,0,0,0
"1981",0,0,0,0
"1982",0,0,0,0
"1983",0,0,0,0
"1984",0,0,0,0
"1985",0,0,0,0
"1986",0,0,0,0
"1987",0,0,0,0
"1988",0,0,0,0
"1989",0,0,0,0
"1990",0,0,0,0
"1991",0,0,0,0
"1992",0,0,0,0
"1993",0,0,0,0
"1994",0,0,0,0
"1995",0,0,0,0
"1996",0,0,0,0
"1997",0,0,0,0
"1998",0,0,0,0
"1999",0,0,0,0
"2000",0,0,0,0
